cert.issuer.org,count
nan,139263
Let's Encrypt,64294
Google Trust Services,28299
DigiCert Inc,10729
Amazon,9299
GlobalSign nv-sa,5163
ZeroSSL,4558
Microsoft Corporation,4393
Sectigo Limited,4171
"TrustAsia Technologies, Inc.",3152
home.pl S.A.,2551
IdenTrust,2108
Waf,2091
Google Inc,2089
Google Trust Services LLC,762
"CloudFlare, Inc.",675
"DigiCert, Inc.",525
"Beijing Xinchacha Credit Management Co., Ltd.",405
"GoDaddy.com, Inc.",389
Internet Widgits Pty Ltd,281
"Starfield Technologies, Inc.",225
Internet2,212
Rescale,207
nazwa.pl Sp. z o.o.,175
WoTrus CA Limited,170
sslTrus,168
Unizeto Technologies S.A.,167
Alpiro s.r.o.,132
ispgateway,131
BPTFRQAP,129
SNQWLMDM,122
AXIS Communications AB,121
Fortinet,114
"cPanel, Inc.",110
ACLSXJAF,109
ERNNGRTR,107
EZNLZYMF,103
ZKDNYAAD,102
XJJEVLOE,101
XBFSGRYU,100
ZVYKBPMX,100
FMOCXCAJ,100
EDVWOGAM,100
HGXPCIIJ,98
ZOBPVZPL,98
IHJGTEES,98
ZQPENMFK,98
ECDGAJWI,97
QGFYGKPS,97
KBLKFUMZ,96
QJWVYHOH,96
PMGXDNVP,95
TJFXARQF,95
CVETQNSM,95
HJEXYMGB,95
WAPHNAZO,95
CJTCCLUA,94
TFIPMSKP,94
GQLBOSOZ,94
VGVJVDUH,94
TSEEQVLX,94
YGEZBGYT,94
DTZZWLZF,93
VGUBTDXK,93
ZDLNMSNO,93
JQSODMCS,93
ZHOLSEZT,92
TKCBYBIL,92
KSUNZJZL,92
TWUJWCPX,92
CPUTDZMP,92
KUMOYDHC,92
PHOLREIL,91
WTZMYTAE,91
WGYZUCQQ,91
ZGZLMMPF,91
OLLPQLHO,91
BLQXXYMW,91
MWTZZJDU,91
CWHXVKNT,90
DRBDAEFX,90
OXYBDPLG,90
ECWSMXDT,90
Plesk,90
UUYMERDO,89
KDLHCYNC,89
KUUORRAB,89
LHUCLIUU,89
XHBKZUWG,88
HMARSQIY,88
FJOEHKWJ,88
ZBGOIPFD,87
LZXOIJJR,87
EQKLLOLR,87
WFMVOAOK,87
JNNMVDNR,87
GEYAPSQU,87
cyber_Folks S.A.,87
RGWPYBWQ,87
ZXUGQMAV,86
QBUHCQXQ,86
JTETFBTR,86
YELLBJQK,86
LEUIHVUD,85
EFRKJNAU,85
UMYZFWCY,85
BOGXIRKH,85
QCYYBDLX,85
OOVTHEBF,84
TGEOJGXS,84
KGHNUONX,84
NOZDYEEP,83
LGVBFEBQ,83
XJZEGZBJ,83
UXQXOPOF,83
YYHYQHLU,82
JMRGXXGH,82
WLOMOCNG,82
PVKTNIWU,82
GPESWESJ,82
LKJULXBJ,81
FCKXAWDH,81
MMYJMTUF,81
HDWNERHX,81
ZHFXUWYL,81
CBPNZVXZ,81
VQDIFVIR,80
ZQCFSMSD,80
PTGEFAVN,80
HTXYWDJT,80
RMSEXDMV,79
ERDKJKWA,79
VWTHDBLO,78
UXSMDJFD,78
PTUSUYEQ,78
EQXOUGWQ,77
ZCTZFKUH,77
XBIMJZGK,77
STFGHWWT,76
DTCZFWXN,76
TMFMLGJQ,76
BTVLOJEF,76
LKEFMQDF,75
RUJXSUIA,75
ZMJTHDBZ,75
OXNYMKDW,75
FOAIBTLO,74
NTKCWGTB,74
OBRUXEEF,74
LRHUEROO,74
MVNKGUQB,73
TXPFAMUJ,73
PMJERMBU,72
"University of California, Berkeley",72
DFMGEXQW,72
XCNPTXEO,72
GUXDLSWE,71
YVXROHKC,71
UHMFZDVX,71
ELHWORAL,70
XFKWRFHX,69
PENEGFFO,69
BZKIQNHU,69
CTIQBJMT,68
VNKKVKGP,68
FSOPDPER,68
NKDLURYP,67
INVTTJHP,67
NJVEKOUA,66
CKSWABJV,65
"Cloudflare, Inc.",65
ODMNNFYQ,65
ROLSCQLO,65
LDPZWBSC,65
VCSHHZUC,65
ZLSNPRDC,64
NDFPRCDF,64
KNMXMWLV,64
XQTNEMSB,63
BYDAUCSY,63
Actalis S.p.A.,63
MBWXWJDX,62
RJHTTKJH,62
KDMXERTC,61
BJXZSBIC,61
IKNMXQZB,61
IZSICCNZ,60
QVRZCTSN,59
MCKHDFCT,59
PMCRDLYG,59
YAGWVHJB,59
LODZQDHO,59
WFVKHZJY,58
EWFPFRMQ,58
LQVRQTGP,58
PMNBVZOA,58
PFXIOCIH,58
QVIZXMJB,57
EIPNVLOM,57
Acme Co,57
XBOKEAON,57
LBUQSDCM,57
IIROLZPM,57
TSWDVYQN,56
GEUXQKWA,56
ECWFLIDH,56
LGJFXMJH,56
UOQDUWWQ,56
IXLCDEWE,56
CLNCDTSC,56
SSISPHMO,56
IPPPQQRZ,56
PGVFKQBQ,56
QKJPQBKB,55
BNHRPLRY,55
UCFXCUZX,55
OGOLNWAS,55
AAKTJKWB,55
GKCNZYNU,54
Sophos,54
PBHBJAJA,54
TFWLWCVU,54
IMYAGIPI,54
DQDZWNLL,53
DLMZMVBH,53
LXONZIFV,53
ABRMBNKS,53
HUQJDCPY,53
UOSUPXPI,53
SonicWall Inc.,53
TNMZFJHO,53
BOVLKRHF,53
FWFNQGBY,53
JMEDMMCJ,53
KGRWEJBB,52
ZSLJPOYC,52
SSTDRIMW,52
HDOBYKGR,52
ELCPRPLM,52
OAZYKVGM,52
QXROBKSN,52
HBPSYTAM,52
DTJEBSZI,52
KZIUOYMO,51
GQLUZJTZ,51
RFDRLJAC,51
MMLPYMBK,51
AXCIGSOT,51
BKLJYXKK,51
MFFLMCQX,51
EJSYPHOS,51
JSLPXABR,51
MQEOCAKD,51
IDLJUMWN,51
WVWOMQLK,51
AONRMNWS,50
YYCQUCFU,50
QTRSFQDY,50
KENGVPFV,50
NXRHLFUO,50
AOEQXPMZ,50
GLHBAXTW,50
DNYPWVFI,50
MQWNGFPV,49
NHIDLQKZ,49
XWEAEVFA,49
YCTWNHTY,49
XVZCJWVH,49
LITKDRZU,49
OJUBSCKD,49
ZJFRDZIP,49
VQWIGNZG,49
LHXLIWKG,49
LVXGEHWM,48
NYWFHUDC,48
RWYXWQII,48
HAOBUARY,48
TULEUACX,48
XYHJGDFY,48
JREJVNUR,48
MLQJVYXN,48
ZQMAJIRE,48
Mitel,48
KJIUIADF,48
MREJPARF,48
ATFQMKCL,48
WFMQZJYP,48
HFJEZECK,47
PBKGWULV,47
QUNEUQQR,47
OTTBIRVK,47
LVMAAAJK,47
GEANT Vereniging,47
BRCAPIOI,47
NENHVVQX,47
YTBOFCVA,47
OHJKREMY,47
RPDGKDQS,47
VGIBGRUW,47
KNIBAAEL,47
ZMWZIWPI,47
GWGAOZJU,47
OAJCUJIT,47
YWBRZTVI,47
WHIHZXOL,47
KRUKSDUJ,47
SGANDFXX,47
PDUKTGML,47
TLBONXEZ,46
UMFTJLDN,46
MWATIAPV,46
GNXUIHED,46
CTYZXTAN,46
MBBCKUKL,46
JKCRCUCR,46
EXGILIKX,46
FFSWHAFS,46
QKHAUEBU,46
YKJXDDLK,46
YQJKVZCI,46
TPVFLHKG,45
XTXTXXOT,45
SGMBLGEN,45
ZSMYYAAS,45
ICLDROQV,45
ETOHYCPO,45
LENGCTYX,45
TQLODZGZ,45
ZSODVTDJ,45
BEVDRMYL,45
BGDCMRPY,45
JMRZFTVQ,45
UUAWVXPO,45
YDNYGAOX,44
JIFNQIEP,44
CEYJELLZ,44
TPAJPPDH,44
ZALDEVGP,44
INUEMABZ,44
HWTEEQRA,44
WYJEOLUZ,44
JoySSL Limited,44
HYRGTBUQ,44
GKWUFDHB,44
QOIXBRLI,44
IFXSJJCQ,44
SXFLQFEH,44
LURQFYUG,43
RDIDKTFP,43
XARIYHPJ,43
AOBTTGWV,43
KZETXXWH,43
JJWLHPAV,43
HCBYOPBN,43
LCZICETH,43
BQUUFKWF,43
YPJDZWWW,43
DZNRMOCC,43
DOYEIRRF,42
BKQXJPQC,42
IEOXINHX,42
EUMBZDCH,42
ZNPITNYO,42
LRGOAYHT,42
OTQDFRPU,42
QBYENALQ,42
TSPJXMNS,42
IFTVUKIS,42
BOLPHYJG,42
OTYTWRNC,41
GMKLYSSC,41
SREQRPGQ,41
FEGGXVWP,41
UIVLCNTD,41
SBTJHCTB,41
LYXXSJDN,41
Neurotech,41
DWYZBSOP,41
YNAXHVSP,41
IOZFGOSL,41
TVFFYUGC,41
MJKJOYFX,41
RZWFBWDA,40
CNQMCUPT,40
LLHXGMRJ,40
YVBMYODW,40
JSQENKEB,40
PTCSJXFK,40
YWZZZZUC,40
IXMIWZEB,40
PPZLEQRA,40
CDBDLZMN,40
DVNYGKKB,40
YQIXFEOI,40
UXBEJSSX,39
UIFJTAZR,39
OTHUWVHM,39
XPSIGLJU,39
FWXPCJTH,39
ETYZSQFV,39
NAOC,39
FRQIRNMR,39
RPZRLRGH,39
URLCKCJT,39
EZGWYQTU,39
DURKZOKY,39
KLMLUZUN,39
BQJUPAZY,39
GTMIXGLA,39
XJJCQTHS,39
QRVSPATA,39
VSFMPZYL,39
FOQEPFZK,39
PDMWYCGD,39
HMUQKIXL,39
CNQBPJDF,39
PJFMFDHD,39
UTGXRSOS,39
SBSTFKBL,39
WHQEHKWD,39
GOUFJPXX,38
JECKMWRX,38
KMYFEUFK,38
Organization,38
CEQYFRDL,38
JFSRAPYO,38
FTCLXQCY,38
"Vitalwerks Internet Solutions, LLC",38
WVMXSOVF,37
GWLKSTXN,37
JYMEAOOA,37
KLODUXRW,37
PVXWZDLB,37
MURZEHJU,37
TMWPAKOZ,37
KAAFXCVQ,37
JWWZSHXC,37
UIUMJMIY,37
FYFDDSKU,36
Default Company Ltd,36
USWPSEUG,36
JKWDGYVK,36
PIQJWFJJ,36
QBPIXRGR,36
CLMTMCRC,36
EDDXRPYT,35
KEIRTYMP,35
XEOSNZOG,35
VZMKARJU,35
UBISWBJU,35
YCBEMGND,35
WALXRWXI,35
TAIWAN-CA,35
WEAKXOHB,35
YDZQBAMX,35
KOGKSBJY,35
KXSWOKHT,34
VAOMBFEB,34
CJMQMZOK,34
QJTZUXWJ,34
LWNYLHXZ,34
BZLDLSCC,34
ZOJFQASK,34
TYYWLRXF,34
NOCEKSLO,34
NWAUGFAW,34
KEBPEEML,34
OSJRHXVI,33
GoGetSSL,33
EEKCSOQW,33
QUHVVYMF,33
ZAYFLPRP,33
CUCMIYFF,33
LFZLOFQN,33
"magnum,a.i. Ltd",33
Cisco Systems Inc.,33
Synology Inc.,33
CEZGQUWC,33
DAHUA,32
EATJDIXG,32
AMQTCKLT,32
SNVXFVRZ,32
SDZDFKRS,32
JLIXFCCV,32
SIILBQLE,32
Fortinet Ltd.,31
LSVMDUMR,31
QSFXEQPD,31
JYNYPAUI,31
hikvision,31
NetDataComm,31
UGIYQIYA,31
OFHGCJPS,31
"DNSPod, Inc.",31
VNWHXFKD,31
YBLVXTDZ,31
Tridium,31
Dell Inc.,30
PFKICMNL,30
MitraStar,30
YAUQMDHQ,30
GSJFLJGZ,30
"Vodia Networks, Inc",30
HTTPS Management Certificate for SonicWALL (self-signed),29
FDYRWDQR,29
VNQZJLXI,29
EZAGRTIL,28
NFFAKCNY,28
WJIGKCQP,28
FCASDEKG,28
QKSBKKZA,28
TVPDBKHV,28
Realtek,27
VUWAOQXK,27
LQUFJDYF,27
AGSQBAFV,27
RSA Engineering Inc,27
vpn4ever,27
Palo Alto Networks,27
GVWVJPJT,27
YCZNZGFI,27
ZLNDVEYN,26
NHDSACOG,26
DrayTek Corporation,26
Netgear Https,26
FMG,26
YIVYDUIW,26
"Cisco Systems, Inc.",26
FUVYLGRO,26
Invitech,26
BQVVPOGT,26
FPMFOHYC,26
NUGGQWXZ,25
Swyx Solutions,25
ocserv,25
WLBYEZEA,25
XNDRVCWP,25
SRZQLOBL,25
BXMSEVRL,25
RUFYJNLX,24
NTODGZPW,24
TGETEDHW,24
Comtrend,24
Network,24
OFDWFOEN,24
XSXNZXVH,24
Network Optix,23
SKVSEWCN,23
RWSOCWJB,23
"QNAP Systems, Inc.",23
"Cradlepoint, Inc.",23
Ubiquiti Inc.,23
OmniPCX Office,23
reo-link,23
FYYYBPMK,23
Axis Communications AB,23
JYELIXHO,22
SAS Institute Inc.,22
MKRBASDV,22
ZNBLOAIK,22
Orange,22
mail server,22
SonicWall,22
CWVNXVQX,22
IICZRGHH,22
Cleo Communications inc,22
XAFLBAFR,22
FCNNOEAD,21
XZSSAYEO,21
PRTG Demo Certificate,21
WXEHHKXL,21
Ubiquiti Networks,21
Zoho Corporation,21
Metageni,21
DHJXKLLD,21
Draytek,21
Anyconnect,21
FZXFNQYH,21
FWCRJIOX,20
DrayTek Corp.,20
IBFLPTDC,20
ZXJUDQGR,20
OUWKCKZY,20
HVNIHJVW,20
default,20
RStudio PBC,20
ZTDFHSZP,20
SSL Corporation,20
"iTrusChina Co., Ltd.",20
FIDJMTFU,19
JRUZHHAO,19
UNJYDIIQ,19
RT-AC86U,19
Trust Provider B.V.,19
Zoho,19
TorGuard,19
RMVOBYFK,19
JMEXUKEO,19
IPSRWINQ,19
KJOGEOER,18
KYNIRYVM,18
QuantStudio,18
VWIRHPHI,18
WatchGuard,18
ZyXEL,18
QXLLMSGG,18
RZFOJLGF,18
KYHTHNKZ,18
Sagemcom Ca,18
ZHNNKTHH,18
WNAQAQSD,17
BeyondTrust,17
JDBFMFAU,17
SDYWSXIM,17
KMDHSZTO,17
GYXWGUJR,17
SXCQGGBQ,17
CITTFAUS,17
MUPSNDOW,17
QKFBTXOU,17
JHPLKPPP,17
Gandi,17
GWCHUYXS,17
BCPTLKFM,17
PQEQWYMA,16
KSZNKNLB,16
RT-AX58U,16
QQTKZLPK,16
LOVTDYOX,16
GITLXWTD,16
JDMNWBAW,16
STUXZMXA,16
Hellenic Academic and Research Institutions CA,16
ZOAOJQTQ,15
TDLBIZXP,15
OJCCWEAQ,15
TP-Link,15
"SonicWall, Inc.",15
INWPVYJQ,15
NZIZVTAD,15
EboerInc.,15
GDINCPGQ,15
XEDETYWP,15
PDKKXIKZ,15
MENWUREK,14
YDFGOBTD,14
RUZWSDXU,14
CDDUMJXR,14
Certera,14
JCNLSIUB,14
MESKVANJ,14
BXLDQWTW,14
PRWETWEX,14
VNBQJSFI,14
AFCYJLYV,13
JUDVVOXU,13
lucky666CN,13
QHMRKIAF,13
Feel Media,13
TWKKLAPP,13
WZUWSVCI,13
GGWGYQAS,13
AGAXCQNL,13
BIDXJOGB,13
RKSPDFAC,13
FNWPJIZE,13
Network Solutions L.L.C.,12
HRAAGDRK,12
YHXFEEGE,12
PRXSSVGR,12
XWXOAOND,12
WSCZHOLT,12
KCPIWKFU,12
ZFFIGWYW,12
XDEQFLUF,12
CSHPIXWS,12
freefish,12
SUCBEEML,12
JGFDSWKP,12
CTDNKNWJ,12
CMHVAITF,12
MKYKWWBI,12
KFMDHBHG,11
TPCOKHNS,11
JHGJIZLE,11
TESTNGINX,11
VSHNUIEH,11
KVSHEYHA,11
FYYEBVKJ,11
FTPDJUTV,11
FMEUHMDP,11
WPVOJGMH,11
KTCWEJYE,11
FUEPGNFA,11
BYAHEMLH,11
BRRZDXVJ,11
ZGPCMKYM,11
HVPJWJJN,11
KXQNEINV,11
BGASKGYN,11
PFNLPGSE,11
NETGEAR Inc.,11
LBILEWHC,11
QHGDPDRY,11
SFGESUEY,10
QLHEIVPM,10
LIPOMYBG,10
"Root Networks, LLC",10
ICVXUIPT,10
OOYWNHFF,10
UTQKEXZN,10
IJSXCNSW,10
DIZGMUVM,10
NSXKTXVQ,10
TUEQMHDO,10
VWEXBQEK,10
HULSGSVT,10
UIWOBJLC,10
ZYEKPJOW,10
FXBQWNQY,10
Buypass AS-983163327,10
UZWDMSIP,10
PIUPCQYO,10
BXDUDNOK,10
OZSELPTB,10
RMZYFXQM,10
KUAYATAZ,10
GWOXQFSF,10
NYA LABS LLC,10
FWNDENHR,10
TKIJVRUF,10
VBUZYPNR,10
SPNWUSZY,10
T-Systems International GmbH,10
nazwa.pl sp. z o.o.,10
XOZFICZM,9
ZNJACMKZ,9
KHGONMAW,9
VJIUPVXI,9
FQYDDWMB,9
QRBEUPNM,9
IZDNYZLY,9
TGXWNMCV,9
FWFNMBBN,9
VTDITHRH,9
TSGYVWXT,9
WMCGACHE,9
KMRWEZND,9
YXBUWLMN,9
OISUANRF,9
YDVYQWPF,9
BJJNPAXL,9
YSGOUAZA,9
ZKZKLCCZ,9
XPJUHHVY,9
CBFBSMKQ,9
ZWKWSROF,9
RIGTDACN,9
EYSRWDFY,9
PRNXTNDI,9
No,9
DYIRBEQL,9
GCOHOMPE,9
ABNJBBTL,9
DEVBHDZX,9
BJXGOASI,9
Linuxserver.io,8
"cPanel, LLC",8
VJKKCEBG,8
JSCCFFUU,8
CMSUMOUT,8
BAOHBCDM,8
YXSGNKCC,8
TCIRPUPD,8
ARDANLEH,8
LHGFHANL,8
SXLSUSLM,8
SBUOOZUV,8
LVYXKVZL,8
JCLMOUTN,8
ITWUKSQK,8
UECEUXSG,8
AKCCNOSG,8
KIAHIWZK,8
TQXLGXHW,8
XYUPTEDP,8
MDUNPTHR,8
UZDRIRAN,8
UCSD,8
TJLDQXOZ,8
KNZSMVWA,8
HEPMUDJB,8
UXEQVASU,8
Kong,8
Parallels,8
EGXWBCVS,8
OVPTYJPA,8
WZKCUNPF,8
EMHYVRNI,8
ILPCPVAE,7
JCYPNPZJ,7
"SECOM Trust Systems CO.,LTD.",7
QTFGBSUZ,7
FRPDXDLH,7
China Financial Certification Authority,7
ORFXRKTH,7
RALDOLYO,7
TNCLJNJW,7
BYMJGPLW,7
QWGWETMR,7
Greenhost,7
JSCPIECJ,7
JCRYXHAO,7
COCTYMFO,7
Tera,7
generated,7
XEICVNAN,7
YY,7
QQDBDYNG,7
XFMRVUYH,7
YPAVKTRR,7
KZUTESED,7
ISUVXDAQ,7
TDMURSDX,7
FHHDGPHP,7
AHITIFWU,7
CCAWQKYL,7
XWXXBVJH,7
DCKNJQRZ,7
DKCITYQK,7
AOSRRRTJ,7
"Entrust, Inc.",7
mkcert development CA,7
YHSYCSRN,7
HQYACFSN,7
ODXAVLGE,7
NYIZTBKV,7
LJUNLZGI,7
WMVJTEAU,7
GAGJSVCF,7
XKPUPJFJ,7
"CLOUDFLARE, INC.",7
XLNGAGDA,6
TRYPTCTY,6
VBZBOUAJ,6
TRXUVUSZ,6
WBAKRDVL,6
DZIOWUTJ,6
YZAYMHSN,6
BSQWYMON,6
XSJJGQKR,6
(STAGING) Let's Encrypt,6
TAWUJYCU,6
SJBNGICX,6
XZXHDYDC,6
CMFAHAUA,6
WOLSOFZB,6
KJAVJNWE,6
Royal Bank of Canada - Banque Royale du Canada,6
DXDAGVIJ,6
XNGUJLRR,6
DVZZYZXP,6
EALJUYPL,6
DNEMUGGT,6
DWYWAMJF,6
Unspecified,6
JXOXJWQV,6
VNZTXBOC,6
XMQJMWGU,6
Alibaba Cloud Computing Ltd.,6
SSL2BUY EMEA LLC,6
"Japan Registry Services Co., Ltd.",6
SXDSSQTM,6
ZLOZWWGR,6
YVWXAHXP,6
OAFKQKBB,6
HQMOJMRZ,6
Root CA,6
StartCom Ltd.,6
The Trustico Group Ltd,6
PEDLVJVQ,6
MLFRXFDO,6
AUYEJPOT,6
KNXQQLXO,6
YVSRKTPE,6
GHRSESWA,5
VNRCFSAW,5
YEMFJGLM,5
CWNEFWUT,5
TAHRJGUQ,5
XHWNAEVY,5
Takram,5
IKEICISG,5
HCHGGULW,5
KGVSKLFY,5
RRROTNAM,5
SWQBLZHP,5
AFDQENNT,5
IXBUQRWC,5
QXKFUFLE,5
"Global Digital Cybersecurity Authority Co., Ltd.",5
IMZSOKJS,5
JYSYIUWT,5
UQSTOQAG,5
SwissSign AG,5
OJRAFTQF,5
"Zhejiang Huluwa Digital Certification Co., Ltd.",5
DPJSTYXK,5
COMODO CA Limited,5
PWZMEPNT,5
Ravin,5
ALSHZMDB,5
PXRDIHAM,5
CJBLUJGD,5
The USERTRUST Network,5
LRYIDZMK,5
VXUBTTVE,5
HFWXJMCS,5
DZYKWMAR,5
ZCXTTSJU,5
JNDAWUHI,5
QKDFRFKF,5
HPE R&D ERM - Kubernetes,5
NOSAGECA,5
GQTLZEZF,5
SIBS,5
TS,5
GSSXQXNY,5
Example Inc.,5
NUMSZWDD,5
OPFEIRVU,5
MIT,5
POUJYIEO,5
SvetHostingu.cz,4
GGFLBSTU,4
Gandi SAS,4
naru,4
HAGNYPSJ,4
AESVOUFM,4
SVXIJVOJ,4
FSZDLSXK,4
YWQKTIRM,4
DCLDLBME,4
CXKRXKOD,4
Vast.ai Inc.,4
MNNZNRCN,4
SPYVMUTK,4
XUFIRJIG,4
MPKYUVIQ,4
Virtual TV Studio Server,4
UniTrust,4
UoA,4
Meetrix.io,4
HRJOJARC,4
VEALGOOX,4
Telia Finland Oyj,4
QKPRETWO,4
VGJMSSWW,4
IUUTVFAG,4
RVOATVJL,4
OpenWrtef186317,4
ZKSMFVHM,4
ZPCGQEUV,4
QJLQGSJT,4
RFMPPSWK,4
JFTJSXXC,4
JXXPQNNK,4
"Parallels, Inc.",4
XKUQYJRE,4
FEIT,4
MWRJRKEG,4
AUNPMPUR,4
EXO HOSTING,4
KOFCUFGG,4
HLBLXUQP,4
SZTBVSZG,4
ITBPHOUA,4
FJCYNELB,3
Nijimo K.K.,3
NKMDVQRK,3
MIL,3
NEXUSGXO,3
BQQPQYEE,3
AFTPCSAO,3
XHEAJARU,3
SHAKKTII.AI,3
PFBTMZBX,3
Urus Entertainment,3
LKBPVNHE,3
HEDNTJEV,3
TOYJSFFP,3
CentralNic Luxembourg Sàrl,3
PEAMRQJV,3
EMRXITJP,3
Haipa Labs,3
EGLVIKXB,3
CompanyName,3
TERA,3
Gehirn Inc.,3
escgr,3
Seoul National Univ,3
Webagentur,3
unknown,3
kavout,3
home,3
SUSGIORU,3
PTNVJBDG,3
ICNPHQYY,3
Bitnami,3
CTZTTWNF,3
RKWLOHCN,3
GWOGEWZG,3
lcc1999,3
CAYLXZJL,3
OVMRBDAU,3
BRBKDQGA,3
Company,3
GeoTrust Inc.,3
SomeOrganization,3
TGUDCQWX,3
GXBYQAFR,3
Tesla,3
Borg,3
DDW - DEV,3
DLRVVTNA,3
UFHVKXZG,3
YXGQGILS,3
HJRJZZCH,3
Corporation Service Company,3
RinaOS,3
"Soluciones Corporativas IP, SL",3
private,3
Ollama WebUI,3
7elements,3
RTAI,3
xs,3
LNU,2
Changpt,2
vugnara,2
BossaNovaSolutions,2
Open WebUI Demo,2
Yellowsheep,2
MiEmpresa,2
AP&C,2
myVesta Control Panel,2
sb,2
AI,2
Privat,2
Cloud Astro,2
Xin Net Technology Corp.,2
MiAIOT,2
kmw,2
XK72 Ltd,2
GPZEZAVD,2
lbltd,2
J17,2
OMEBGMAI,2
KYHLFHRG,2
MHMHYDHE,2
YourOrganization,2
baba,2
Dis,2
EZRFEIPX,2
Fortinet Inc.,2
gdupi,2
泰尔认证中心有限公司,2
cetc,2
CroLinks.com,2
Biniou,2
GUXHCZKW,2
ADYRAYXG,2
AFFMFGPS,2
AFUNIZZR,2
VETGAWVW,2
PJCLAWQW,2
UZCEAEND,2
Rational Matter Ltd,2
bujun,2
YVUMUQFH,2
QXYNSAJJ,2
NPDRXOWF,2
IPGIBLNB,2
TFVZMSRH,2
SGCJONKK,2
DAVNQCTP,2
Odin,2
KDDCZYTC,2
RLYXEIJP,2
KQACZFKU,2
daatcode,2
Masaryk University,2
TBWTAIOH,2
AIRJDMRT,2
Apache Friends,2
CCAKOBHG,2
IZXLWFSS,2
WFLETRLT,2
GOTQYJNQ,2
GPUCHAN.ORG,2
DareNFT,2
BKIZHKJR,2
Sotun,2
ZAKZPFNS,2
PDJHFJOP,2
YAHHADA,2
www3420ue,2
"WEDOS Internet, a.s.",2
Webclick Web Site Hosting,2
My Company,2
XX,2
IPEXO,2
RCWSAQNI,2
Orogen Therapeutics,2
UIUC,2
ZDNZDYVP,2
"ZONER Software, a.s.",2
Eyuninfo,2
VODPWCXC,2
TYEVOBBU,2
AXNFDKJL,2
CVRZDILR,2
IFMMTVPO,2
CTU,2
SPARTA - UIowa,2
Tagado,2
CSHENNEL,2
CBTFJJJN,2
jupyter,2
none,2
Vas-Hosting.cz,2
Certainly,2
UNC-CH,2
UPENN,2
BJJVFALG,2
Breville USA,2
AutoAlign,2
Equbot,2
IR,2
Xylos,2
Moon Intelligence,2
Hypometer Technologies Pty Ltd,2
blusmart,2
TUC,2
TERENA,2
KERC,2
zh,2
TokWise Ltd.,2
HBPXPVST,2
SW,2
Point Blue Conservation Science,2
YourCompany,2
Toten5,2
XUSXZCID,2
Superiore,2
Stephen,2
AI for programming and chat,2
Sixnas,2
Noota,1
Shunno Inc,1
UBitc,1
Fadzay,1
SSL Limited,1
LNU.se,1
LaiQuanBro,1
antares,1
Exprivia Spa,1
Puzzles,1
protosolution,1
LMU Klinikum,1
Kodaco,1
OpenWebUI,1
EximprodEngineering,1
Dat4me,1
ODreaming AI,1
vm,1
hh,1
huawei,1
higk1234,1
brain,1
AXEGKNBT,1
Brown University,1
envisionAI,1
Alink,1
YounginCho,1
IT Hammer Solutions Oy,1
Bruhle.net,1
stan,1
miguel6.freeboxos.fr,1
AI-Lab,1
KEMP Technologies,1
O&DS,1
O&DS s.r.l.,1
Toptal,1
imburgia-misl,1
SWFBPGSQ,1
zl,1
Alibaba,1
XFXB,1
ISHIN,1
zhqiao,1
Tsinghua Univ.,1
CN,1
Mona,1
Google,1
Gooie Pty Ltd,1
xx,1
CETTLX,1
Georgia Tech,1
Alia Space Systems,1
opia,1
Nini,1
ZypherTech,1
privat,1
JN,1
Kyuzan,1
Jo Inge Arnes,1
Eriksberg Inc.,1
Festmeter,1
Hachimi,1
ENES Unidad Morelia (UNAM),1
Syayan,1
ATO,1
Emerald Mansion,1
Sunrise,1
ITRI,1
bj,1
onest,1
AU,1
Aaram.ai,1
LeerooAI,1
DefinitAI,1
Covid-19,1
NTU,1
cu,1
Tula State University,1
Hoge,1
dilab,1
Geko LTD,1
Provider B.V.,1
DOMENY.PL sp. z o.o,1
KRAXNET s.r.o.,1
"Globe Hosting, Inc.",1
jan-immobilien.ch,1
MIND,1
GLBBBTPW,1
Mabtie,1
Petropower,1
innopearl,1
Letel Inc.,1
YJRABLEN,1
Jan Märtin,1
x,1
CHINAUNICOM,1
AXieSoft,1
DAS-security,1
QDVFRGGI,1
NCSU,1
ZABSPIEP,1
SCKR,1
TUL,1
quints.io,1
Natosafe,1
efrouting,1
Haidra,1
CB,1
trea,1
MyHome,1
JWVQKQNY,1
UPB,1
EPRRMAJC,1
NDIKRQQT,1
anna333-misl,1
Exabyte Inc.,1
Pyth,1
UMBC,1
Point Blue COnservation Science,1
SRB,1
Softtek,1
CYZ,1
INOVAARE,1
Pierian Data,1
cubocc,1
ea,1
VYHWINEA,1
NYZURCKQ,1
hasebos,1
CUHMOOTO,1
TXVRVXWB,1
OPYVQIWD,1
VKOCFAQY,1
duke,1
Deutsche Telekom Security GmbH,1
MyCompany Inc.,1
Castle Sites,1
Hh,1
ESI,1
aprbot,1
Robbie,1
USERNAME-misl,1
Fuzhou University,1
Cocoyeat,1
Imatic,1
Globo,1
UST,1
Boeing,1
Massachusetts Institute of Technology,1
IKRZOMPL,1
MetroMid,1
Avans Hogeschool,1
ScieCoLTD,1
hocelot,1
Tensor One,1
DOWHAT.IO,1
Self-signed certficate,1
WorldCo,1
Blusmart,1
PGGBGAIR,1
NRZRUICC,1
Supr,1
myhome,1
KIE,1
GFPPTBWU,1
VWBBTUMG,1
GCDHJQMC,1
PerfectSSL,1
FITVABWR,1
Mittilabs,1
IDG,1
-,1
llm-bot,1
"UPLUCID, K.K.",1
QDKAKAIH,1
CBZLLLHN,1
B,1
Walkout,1
Ventus Technology,1
Book On The Wifi,1
AJSKCLYR,1
ENZVWOAL,1
SKKBIVSF,1
FMVVJCRU,1
UNIFI,1
KTH,1
JINR,1
Citychrone,1
MBS,1
MIPT,1
11,1
gg,1
Demand Film,1
mllip,1
Private,1
北京新网数码信息技术有限公司,1
my-company,1
YOUJFZIR,1
TGPCCUBP,1
XBYNVFUL,1
Amekiri Sound Studio Limited,1
XTU,1
aapanel.com,1
Null,1
APUSIC,1
OrangeCat,1
GZVEVWWS,1
Tencent,1
Starfleet,1
QCPVZFIL,1
NMKGRVBR,1
API Ollama,1
CPAGKVHD,1
QQMMGZKA,1
OSH,1
DILZMPFH,1
WKRWTIQL,1
XCYUDSOB,1
ZLXDQMLJ,1
CEQNDSIP,1
WIZIMNOA,1
YDBYLIKU,1
Main entry point for homelab stuff,1
FIT2CLOUD,1
Urus,1
EAOGTQRU,1
AZZCOTOO,1
CHIC,1
Breville,1
QEWGMTCJ,1
HQTAENTA,1
STLDGNUG,1
MEGAJFAV,1
QUZWXPOP,1
BBOXX,1
12K,1
hams,1
SmartDigitale,1
PA,1
Generame,1
ML,1
DPB,1
TYFOAPQK,1
LJGLBEXB,1
"Chunghwa Telecom Co., Ltd.",1
Atos,1
KYMAPRRE,1
ZDCRQIHL,1
CMDP,1
paulchen,1
Bounty,1
dlshaw.net,1
TSQ,1
asd,1
MG,1
PKPMBRZC,1
Internet,1
MKI,1
Koscom,1
Tendmill,1
Yoons,1
hknc,1
Aeolus CA,1
umbra solis,1
loneslate,1
Onixnet,1
FORD,1
行政院,1
Rudra Group,1
TANITLAB SARL,1
HomeLab,1
Openchat,1
Secure Internet Technologies,1
Garnetsoft,1
宝塔面板,1
60.205.184.1,1
jiufog,1
localhost,1
Tehnic,1
CNR,1
LiteSpeedCommunity,1
EggComp,1
lab,1
posco,1
Fiveåstar,1
MeNow Ltd,1
k,1
M,1
IT,1
XXXX,1
D-Trust GmbH,1
Isimtescil Bilisim A.S.,1
Ryzehosting,1
open-groupe,1
Fubon,1
Home,1
lddgo,1
BUAA,1
CerSign Technology Limited,1
ziyazixun,1
INER,1
ZHOU,1
Self-signed certificate,1
Irdeto,1
blacknepia,1
RandomOrg,1
Eye Guide,1
Pinochle AI,1
FR,1
Scaleway,1
lucky default CA,1
Techvify Software,1
SG,1
KT,1
ro,1
IBM,1
Digi,1
rethit.com,1
han,1
peace0627 Inc.,1
Buin Ltd,1
Chittariparamba Service Co-Op Bank Ltd,1
Esperanto Technologies,1
tmbc,1
DefaultToolset,1
IHTPEDAE,1
YourOrg,1
Venio Systems LLC,1
CC,1
Private-OpenWebUI,1
Example Corp,1
"iMazmaker Co., Ltd.",1
MTN South Sudan,1
FlowerPower,1
MegaFon,1
Exa,1
MyCompany,1
ECCC,1
Tenet,1
BUAWDHGP,1
DORPAONM,1
VILT,1
nodesktop,1
SBP,1
JJ Co.,1
SEP,1
SLOUC Inc. Corporation,1
Speakeasy Ltd,1
Laragon,1
Ingext,1
Talisa,1
Hurro,1
ABC,1
