cert.issuer.cn,count
nan,130918
localhost,29696
WE1,27636
R10,19767
R11,19609
E6,10704
E5,10565
azurequantum,4262
Sectigo RSA Domain Validation Secure Server CA,3993
Amazon RSA 2048 M03,3760
ZeroSSL RSA Domain Secure Site CA,3424
R3,3277
Amazon RSA 2048 M02,3220
GlobalSign RSA OV SSL CA 2018,2617
Encryption Everywhere DV TLS CA - G2,2597
Certyfikat SSL,2551
Thawte TLS RSA CA G1,2268
Amazon RSA 2048 M01,2220
Microsoft Azure RSA TLS Issuing CA 03,2206
Microsoft Azure RSA TLS Issuing CA 08,2179
Virginia Military Certificate Authority,2171
DigiCert TLS RSA SHA256 2020 CA1,2143
GeoTrust RSA CA 2018,2138
TrustID Server CA O1,2107
GlobalSign Atlas R3 DV TLS CA 2024 Q3,2106
Waf defaut certificate(Attack Behavior reported to the police),2091
Usonia us-east1 ICA,2089
TrustAsia RSA DV TLS CA G2,2074
ZeroSSL ECC Domain Secure Site CA,1134
GTS CA 1P5,752
CloudFlare Origin SSL Certificate Authority,642
GeoTrust RSA CN CA G3,515
TrustAsia DV TLS RSA CA 2025,463
Encryption Everywhere DV TLS CA - G1,441
Go Daddy Secure Certificate Authority - G2,389
WR3,365
Xcc Trust DV SSL CA,351
RapidSSL Global TLS RSA4096 SHA256 2022 CA1,334
TrustAsia RSA DV TLS CA G3,301
TrustAsia TLS RSA CA,274
*.deunamen.com,272
RapidSSL TLS RSA CA G1,270
E1,230
WR1,226
Starfield Secure Certificate Authority - G2,225
GlobalSign GCC R6 AlphaSSL CA 2023,219
InCommon RSA Server CA 2,208
tempnotebook.rescale.com,207
nazwaSSL DV TLS G2 R29 CA,173
Certum Domain Validation CA SHA2,161
sslTrus (RSA) DV CA,153
GeoTrust CN RSA CA G1,152
WoTrus DV Server CA  [Run by the Issuer],146
Let's Encrypt Authority X3,142
AlpiroSSL RSA DV CA,132
webslave.ispgateway.de,130
GeoTrust Global TLS RSA4096 SHA256 2022 CA1,122
GlobalSign Organization Validation CA - SHA256 - G3,113
"cPanel, Inc. Certification Authority",110
Sectigo ECC Domain Validation Secure Server CA,93
Plesk,92
cyber_Folks,87
DigiCert Global G2 TLS RSA SHA256 2020 CA1,86
MIDS,72
Sectigo RSA Organization Validation Secure Server CA,64
Actalis Domain Validation Server CA G3,63
GeoTrust TLS RSA CA G1,61
AnyConnect,60
Vigor Router,60
Amazon RSA 2048 M04,59
Kubernetes Ingress Controller Fake Certificate,57
WE2,55
Xcc Trust OV SSL CA,54
TP-Link,54
GeoTrust G2 TLS CN RSA4096 SHA256 2022 CA1,53
GlobalSign GCC R3 DV TLS CA 2020,50
OpenWrt,49
Mitel Trusted Endpoint-2,48
GEANT OV RSA CA 4,43
example.com,41
ys,39
"Vitalwerks Internet Solutions, No-IP TLS ICA",38
Cloudflare Inc ECC CA-3,38
TWCA Secure SSL Certification Authority,35
RT-AX58U Server Certificate,35
JoySSL Domain Secure Server CA,34
axissystemhealthmonitoring,34
GoGetSSL RSA DV CA,33
magnum.ai,33
192.168.1.108,32
Product Root CA,31
FortiGate,31
api,31
Niagara4,31
hik,31
idrac-SVCTAG,30
MitraStar_CERT,30
QNAP NAS,30
OpenVPN-Client,30
Gabriel Murrieta,30
Draytek,30
Mikrotik-CA,29
MikrotikRouter,29
WatchGuard Logging Server,29
192.168.1.1,29
sni-support-required-for-valid-ssl,28
*.eng.sonicwall.com,28
Sophos_CA_,28
AXIS IAM,28
Veeam Backup Server Certificate,27
Palo Alto Networks Device 410,27
PaloAltoNetworks,27
vpn4ever,27
Realtek,27
NetGear-NAS.local,27
*.mysonicwall.com,26
kube-apiserver,26
Mikrotik,26
SophosApplianceCertificate,26
Netgear Https,26
VigorConnect,26
FMG-TEST,26
ocserv VPN,25
AlphaSSL CA - SHA256 - G4,25
FortiVoiceEnterprise,25
Remote Connector,25
*.sonicwall.com,25
synology,25
draytek.router,25
DNSPod RSA DV,25
FortiMail,24
Broadband Router,24
cocalc,24
WoTrus OV Server CA  [Run by the Issuer],23
redmine,23
UniFi,23
Nx Witness,23
reo-link,23
TrustAsia ECC DV TLS CA G3,23
cp,23
*.webex.com,23
alize,23
ASA Temporary Self Signed Certificate,23
(none),22
cleointegration.cloud,22
livebox,22
FortiWeb,22
sslvpn,22
filezilla-server self signed certificate,22
Gozargah,22
Remote Access,21
AnyDesk Client,21
Annyconnect CA,21
UBNT Router UI,21
Amit,21
acsrproxy,21
PRTG Demo Certificate,21
ManageEngine,21
MyRouter,20
RS_SESSION_CN,20
default.certificate,20
CloudFlare Origin Certificate,20
Zoho,19
TRAEFIK DEFAULT CERT,19
VPN,19
GlobalSign GCC R3 OV TLS CA 2024,19
cid,18
Fireware web CA,18
Trust Provider B.V. TLS RSA CA G1,18
ZyXELcert,18
self-signedkey,18
cert-web-mikrotik,18
*,18
QuantStudio,18
webrtc,17
Sectigo ECC Organization Validation Secure Server CA,17
Secure Remote Access,17
WR2,17
docker01.we-manage.de,16
SonicWall Universal Management Suite,15
webui.imworking.me,15
Gandi RSA Domain Validation Secure Server CA 3,15
sslTrus (RSA) OV CA,15
Certera DV SSL CA,14
Amazon ECDSA 256 M02,14
TrustAsia RSA OV TLS CA G3,14
SSL.com RSA SSL subCA,13
vTrus DV SSL CA G2,13
lucky666CN,13
Cloudflare,13
CloudFlare Origin SSL ECC Certificate Authority,13
fortinet-subca2001,13
www.feel-media.de,13
potcm.f3322.net,12
Amazon ECDSA 256 M03,12
FortiSwitch,11
GeoTrust RSA CN CA G2,11
NetGear,11
TeleSec ServerPass Class 2 CA,10
Root CA - G3,10
nazwaSSL,10
Buypass Class 2 CA 5,10
169.254.1.1,10
JoySSL DV TLS G2 R33 CA,10
Nya Labs CA,10
GeoTrust EV RSA CA G2,9
Network Solutions RSA OV SSL CA 3,9
DigiCert Secure Site CN CA G3,9
ji234,9
Parallels Panel,9
138.201.226.205,8
cPanel ECC Domain Validation Secure Server CA 3,8
techlatestbasevm1804,8
com-hclnxs004a.srv.combell-ops.net,8
Synology Inc. CA,8
GTS CA 1D4,7
com-hclnxs005a.srv.combell-ops.net,7
www.example.com,7
generated,7
Entrust Certification Authority - L1K,7
dsvm,7
Cloudflare TLS Issuing ECC CA 1,7
Jupyter Notebook,7
vTrus OV SSL CA G2,7
my-server,7
CFCA OV OCA,7
switka.arth.webd.pro,7
Amazon ECDSA 384 M02,7
Greenhost Fallback Certificate,7
com-hclnxs001a.srv.combell-ops.net,7
SSL2BUY EMEA RSA Domain Validation Secure Server CA,6
Trustico RSA DV CA,6
com-hclnxs002a.srv.combell-ops.net,6
DigiCert Secure Site OV G2 TLS CN RSA4096 SHA256 2022 CA1,6
CA Cert Signing Authority,6
DNSPod RSA OV,6
JPRS Domain Validation Authority - G4,6
Royal Bank of Canada L1 CA G2 - AC N1 G2 Banque Royale du Canada,6
Alibaba Cloud GCC R3 AlphaSSL CA 2023,6
Amazon,6
Microsoft Azure RSA TLS Issuing CA 07,5
DigiCert TLS Hybrid ECC SHA384 2020 CA1,5
Certum Organization Validation CA SHA2,5
USERTrust RSA Domain Validation Secure Server CA,5
SwissSign RSA TLS OV ICA 2022 - 1,5
jupyter_notebook,5
Hulk,5
DigiCert CN RSA CA G1,5
RapidSSL RSA CA 2018,5
HPE ERM ROOT CA - Kubernetes,5
ravi.com,5
AlphaSSL CA - SHA256 - G2,5
new-1804-techlatest-baseinstance.c.techlatest-dev.internal,5
*.virtualtvstudio.eu,4
dev-pump.firstmanufacturing.org,4
naru911074.net,4
Caddy Local Authority - ECC Intermediate,4
*.us-east-1.elb.amazonaws.com,4
Jupyter,4
Telia Domain Validation CA v3,4
domain.com,4
ISOM,4
ddi-voice-sql.westeurope.cloudapp.azure.com,4
Ateam,4
cnTrus OV SSL CA,4
GDCA TrustAUTH R4 OV SSL CA G2,4
HARICA OV TLS ECC,4
GandiCert,4
Vast.ai Jupyter CA,4
GEANT TLS RSA 1,4
janfrancess.howtobeinyourelement.com,4
Entrust OV TLS Issuing RSA CA 1,4
temp.sonicwall.airforce-south.org,3
terapia-slowinski.codehero.webd.pro,3
GlobeSSL DV CA,3
unknown,3
SSL.com TLS Issuing RSA CA R1,3
DigiCert Basic OV G2 TLS CN RSA4096 SHA256 2022 CA1,3
FujiSSL Public Validation Authority - G3,3
andybaeke.be,3
*.elb.cn-northwest-1.amazonaws.com.cn,3
SHECA OV Server CA G5,3
edcs.lefayjey.fr,3
jansmed.be,3
aida-poc.ddns.net,3
plesk,3
topgpt.site,3
Microsoft Azure RSA TLS Issuing CA 04,3
jantherapies.co.uk,3
StartCom Class 1 DV Server CA,3
TrustAsia ECC DV TLS CA G2,3
URUS,3
dev-fortios.bright-bank.us,3
jancoleman.com,3
janfolkson.com,3
jupyter,3
janvincent.net,3
Gehirn Managed Certification Authority - RSA DV,3
freedom-of-flying.ca,3
crolinks.com,3
StartCom Class 1 Primary Intermediate Server CA,3
139.59.42.156,3
axis-d6daa9e2f259,3
HoshinoshitaRina,3
DigiCert Basic RSA CN CA G2,3
GEANT OV ECC CA 4,3
tabaka.eu.tabakaeu.webd.pro,3
GeoTrust G5 TLS RSA4096 SHA384 2022 CA1,3
janetsart.com,3
alfredjan.com,3
HARICA DV TLS RSA,3
none,3
InCommon RSA Server CA,3
ip-172-31-32-75.ec2.internal,3
HARICA OV TLS RSA,3
Don Dominio / MrDomain RSA DV CA,3
Network Solutions RSA DV SSL CA 3,3
expensedemo.aws.haipa,3
janspencerphysio.com,3
llm.7elements.com,3
CIS3 Issuing CA1,3
hungvietvu.com,3
erin.benjamindadams.com,3
janthomas.xyz,3
preprod.future-medicine.gc.ca,3
ml.inname.net,3
janmedlin.jeffmedlin.com,3
com-hclnxs006a.srv.combell-ops.net,3
FujiSSL SHA2 Domain Secure Site CA,3
alex,3
Sectigo RSA Extended Validation Secure Server CA,3
*.elb.amazonaws.com,3
hughandjan.com,3
jancoates.com,3
janstec.com,3
dennis gannon,3
COMODO RSA Domain Validation Secure Server CA,3
(STAGING) Counterfeit Cashew R10,3
IOS-Self-Signed-Certificate-2296359688,2
ec2-108-128-243-122.eu-west-1.compute.amazonaws.com:8888,2
internal-vmware.futuremedicine.ua,2
accounts.powermain.com,2
secret.northmanufacturing.gc.ca,2
20.243.149.46,2
Encryption Everywhere G3 TLS ECC P384 SHA384 2023 CA1,2
Alex,2
Name,2
wso2.city-navy.ua,2
devo-heating.steel-main.mil,2
HopeandAI.com,2
DigiCert EV RSA CA G2,2
170.106.159.94,2
Leon,2
neji,2
darechain.com,2
janbilek.com,2
xlfrp.eastasia.cloudapp.azure.com,2
GlobalSign Atlas R3 DV TLS CA 2025 Q1,2
zoho.gas-next.ua,2
vsphere.secret-brightgas.org,2
GTS CA 1C3,2
devo-wso2.mainpower.org,2
Trusted Secure Certificate Authority 5,2
fotoscheiber,2
bujun,2
bigip.finance-first.mil,2
SONCHOONGMIN,2
www3420ue Root CA,2
jan-zaenker.at,2
beta-remote-access.steel-first.mil,2
GeoTrust SSL CA - G3,2
Thawte RSA CA 2018,2
RapidSSL TLS DV RSA Mixed SHA256 2020 CA-1,2
zh,2
home.seth.wang,2
marciadalton.net,2
nazwaSSL DV TLS G2 E29 CA,2
smallvug,2
backend.future-chemical.mil,2
com-hclnxs032a.srv.combell-ops.net,2
SECOM Passport for Web SR 3.0 CA,2
temp.energyeast.co.il,2
PH,2
secret.remote-access.futuresteel.co.il,2
Gandi Standard SSL CA 2,2
Managed CA 945b138ec56d4f4059fe8377779bbbb3,2
Secure Site CA G2,2
52.243.73.212,2
administrator-System-Product-Name,2
IOS-Self-Signed-Certificate-4609992487,2
miniweb2vps.zarea.net,2
3.110.152.170,2
Cha,2
Managed CA afd43928c7e2331c7b213e5750adc631,2
LLM Local,2
boomkwekerijjanmarijnissen.be,2
ca.vas-hosting.cz,2
mail.finance-first.ca,2
*.domranko.com,2
lanch,2
GlobalSign Atlas R3 AlphaSSL CA 2025 Q1,2
secret-kace.north-manufacturing.mil,2
FMG-VMTM26020707,2
BryanCha,2
WEDOS Certification Authority,2
sotun.de,2
janmabry.com,2
janroden.com,2
Certainly Intermediate R1,2
rasocha.cz,2
"Charles Proxy CA (20 Nov 2024, sethdeMac-mini.local)",2
self.ipexo.eu,2
comesofar.com,2
hugohuss.net,2
jenkins.cityaero.us,2
20.78.17.124,2
metis,2
baba,2
34.134.206.247,2
jhw.technology,2
ALKAIOS,2
FortiWEB,2
<your-ec2-ip>,2
higress-gateway,2
TLC RSA DV SSL CA 2,2
gitlab.cetc.cn,2
GlobalSign Atlas R3 DV TLS CA 2024 Q4,2
Yaroslava Lochman,2
HARICA DV TLS ECC,2
FMG-VMTM02716786,2
Managed CA 82db77bd60492020debad3384dff3dc7,2
IOS-Self-Signed-Certificate-9983095331,2
NII Open Domain CA - G7 RSA,2
IOS-Self-Signed-Certificate-0841141069,2
axis-90afa4bfb0e1,2
pois0nbread-AD-CA,2
jandicelpc.com,2
DigiCert Secure Site OV G3 TLS CN ECC P-384 SHA384 2022 CA1,2
XinNet DV TLS CA,2
public.jenkins.novelmanufacturing.org,2
jankarskiinstituteus.org,2
MiAIOTII,2
swf,2
chat.dapenghub.top,2
Malnahab,2
temp.confluence.city-medicine.ua,2
secret.maingas.co.il,2
fortios.beta-firstmedicine.com,2
vmware.power-west.us,2
ai.innenseite24.de,2
ullersbach.teleturbis.de,2
sslvpn.corp-today-gas.mil,2
docs.research-steel-future.gc.ca,2
changpt,2
oi.int,2
TERENA SSL CA 3,2
ai.crifalo.net,2
Managed CA 4f3d9ce7bb6518f6a62244d0aa063daf,2
temp-appliance.state-electric.org,2
FTK,2
webui2.u-ai.cloud,2
ai.server,2
Managed CA a29a4e06f13aeb11cef2f49f409e8f97,2
vmware.future-bank.gov,2
Toutatis,2
192.168.68.118,2
yoad,2
nowhereai.duckdns.org,2
195.251.230.42,2
derebass.ru,2
Sixnas,2
86.127.240.134,2
internal-ca,2
liveinnorthtx.com,2
24.199.77.11,2
jira.gas-first.gov,2
owui-demo-thnotes.eastus2.cloudapp.azure.com,2
mlworkstation.ddns.net,2
MathEC2,2
Devin,2
stinkyminky.duckdns.org,2
161.35.250.206,2
Trane,2
danbot.local,2
wtools.us,2
Zhizhen Qin,2
m.jbakita.me,2
Voigt,2
skoyanagi,2
Tom,2
zoho.research-statemedicine.mil,2
Will,2
test-jira.finance-today.com,2
vmware.energy-first.gc.ca,2
beta.support.north-power.gov,2
temp.citysecurity.org,2
preprod.todaynavy.mil,2
107-1clicksheetmusic.gdmig-janmulder.us,2
IOS-Self-Signed-Certificate-6700605349,2
Zihe Liu,2
jinkinspost.com,2
172.31.10.176,1
kim,1
alex4lin,1
172.31.32.221,1
schneider-electric.westfinance.org,1
wso2.airforcewest.mil,1
pilot-support.eastsecurity.org,1
yokogawa.financemain.com,1
prototype.fan.west-power.ua,1
backend.todayelectric.com,1
atlassian.beta-electric-first.gov,1
jenkins.airforcefirst.us,1
secret.schneider-electric.cityelectric.us,1
bigip.prototype-southairforce.gc.ca,1
development.sonicwall.electric-state.org,1
secret-thermal.novelfinance.mil,1
research.novelenergy.ca,1
corp.navy-city.com,1
public.energystate.gc.ca,1
corp-cisco.bright-medicine.org,1
remote-access.dev-firstchemical.gov,1
preprod.futurebank.gc.ca,1
horizon.sytes.net,1
*.fortidemo.fortinet.com,1
preprod.exchange.west-airforce.gc.ca,1
development.sonicwall.bank-novel.org,1
zimbra.north-chemical.org,1
devo-sonicwall.brightpower.gc.ca,1
exchange.development-southsecurity.co.il,1
fan.southnavy.co.il,1
Monco-vm3,1
kace.future-steel.ca,1
prototype-sslvpn.novel-oil.mil,1
devo.qnap.east-manufacturing.org,1
preprod.siemens.westbank.ca,1
citrix.internal-todaygas.org,1
devo.navystate.gc.ca,1
public-jira.statenavy.gov,1
control.dev-next-steel.us,1
preprod-support.mainsteel.us,1
mfa.brightaero.us,1
private-heating.novel-power.ca,1
okta.admin-oil-city.ca,1
fortinet.futureoil.co.il,1
ivanti.nextmedicine.ua,1
preprod-mail.bright-security.mil,1
weblogic.electric-north.org,1
admin-weblogic.firstaero.gc.ca,1
sonicwall.oil-novel.us,1
private-zoho.steel-south.mil,1
mail.airforce-north.co.il,1
beta-atlassian.nextbank.us,1
dev.kace.statebank.ua,1
helpdesk.temp-gas-next.gov,1
packaging.devo-northoil.us,1
appliance.preprod-state-chemical.us,1
beta.qnap.westgas.ca,1
control.secret-nextsecurity.org,1
backend.vpn.chemical-bright.gov,1
baracuda.private-oil-today.us,1
siemens.oil-today.ua,1
devo.electriccity.gov,1
staging.oil-east.gc.ca,1
Takato Sato,1
heating.next-power.co.il,1
fortinet.state-chemical.gc.ca,1
test-vsphere.manufacturing-east.mil,1
citrix.prototype-westenergy.ua,1
ivanti.airforce-future.ca,1
thermal.security-bright.com,1
research-thermal.eastmanufacturing.gov,1
backend-support.novel-gas.ca,1
siemens.staging-first-energy.com,1
development-ivanti.power-main.gc.ca,1
siemens.public-eaststeel.gc.ca,1
public-conveyor.nextchemical.ca,1
heating.novelelectric.us,1
backend.electric-first.us,1
prototype.manufacturingcity.ua,1
public.vsphere.city-security.gc.ca,1
schneider-electric.finance-north.org,1
ivanti.development-nextfinance.co.il,1
backend.todayairforce.co.il,1
pilot.mail.navy-future.ca,1
test-atlassian.west-power.gov,1
temp.conveyor.gas-today.gov,1
atlassian.staging-steel-main.org,1
heating.steel-state.com,1
secret.fortiproxy.east-steel.org,1
preprod-jira.future-energy.mil,1
beta.first-finance.mil,1
admin.aeronovel.gov,1
remote-access.futureenergy.ca,1
confluence.internal-electric-east.co.il,1
preprod.vsphere.aero-east.gc.ca,1
pilot.mail.brightairforce.ua,1
dev.manufacturing-next.gc.ca,1
admin.medicinetoday.mil,1
prototype.northpower.ca,1
pilot-qnap.firstfinance.co.il,1
private.bankbright.co.il,1
mail.preprod-east-bank.gov,1
vsphere.chemicalcity.gc.ca,1
yokogawa.city-finance.gc.ca,1
secret.fortinet.chemical-bright.ca,1
development-accounts.east-navy.com,1
secret.sslvpn.state-security.co.il,1
hydro.temp-mainchemical.us,1
backend.northgas.us,1
temp-pump.brightgas.gc.ca,1
backend.zimbra.east-finance.ca,1
AB,1
fan.main-security.mil,1
IOS-Self-Signed-Certificate-5817426371,1
staging.fortiproxy.eastoil.org,1
development-conveyor.nextelectric.mil,1
backend-atlassian.next-navy.mil,1
support.admin-firstelectric.co.il,1
dataunicorn.ext,1
corp.mail.cityelectric.gc.ca,1
ivanti.devo-northfinance.mil,1
fortinet.southchemical.co.il,1
zimbra.oilsouth.us,1
staging-zimbra.futuresecurity.ua,1
zimbra.state-finance.com,1
dev.zimbra.chemical-next.gov,1
remote-access.devo-citypower.ca,1
hydro.firstpower.ca,1
development.security-first.us,1
devo.airforcenext.ua,1
pump.novelsteel.co.il,1
atlassian.pilot-medicine-south.us,1
private.east-medicine.ua,1
public-okta.bank-south.ua,1
staging-zoho.north-steel.ua,1
devo.kace.citysteel.us,1
corp.schneider-electric.first-navy.gc.ca,1
yokogawa.backend-medicine-state.co.il,1
corp.novelfinance.co.il,1
mail.pilot-south-steel.org,1
preprod.atlassian.navy-next.gov,1
humaneer,1
pilot.manufacturingnovel.gc.ca,1
beta.north-airforce.ua,1
sso.steel-next.gc.ca,1
backend-weblogic.north-airforce.org,1
kace.preprod-futuregas.mil,1
secret.banknovel.org,1
mfa.manufacturingnovel.org,1
schneider-electric.electriccity.ca,1
pilot.exchange.eastchemical.com,1
devo.jira.power-novel.us,1
conveyor.backend-steel-bright.ua,1
support.bright-navy.gov,1
fortinet.city-navy.com,1
zimbra.mainmanufacturing.ca,1
temp.south-manufacturing.org,1
devo-kace.bright-electric.us,1
pilot.aeronorth.ca,1
staging.manufacturing-south.us,1
weblogic.pilot-todaysecurity.org,1
staging.future-airforce.gov,1
backend.weblogic.todaysteel.org,1
prototype.conveyor.finance-north.ua,1
pilot.exchange.futurefinance.gov,1
admin-conveyor.today-security.gc.ca,1
remote-access.internal-bright-navy.org,1
ivanti.futureenergy.com,1
taehyun,1
heating.public-navy-bright.co.il,1
internal.todayaero.ca,1
pilot-fortinet.north-security.gov,1
zimbra.admin-electric-today.ca,1
sonicwall.airforcenovel.ua,1
beta.yokogawa.steel-state.us,1
heating.private-citypower.ua,1
vmware.eastsecurity.gov,1
appliance.novel-airforce.ua,1
pilot.remote-access.state-medicine.com,1
okta.navyeast.gc.ca,1
corp.aerocity.com,1
zimbra.test-aero-state.gov,1
vmware.futuresecurity.gc.ca,1
public-thermal.chemical-first.ua,1
pilot.control.finance-main.ua,1
atlassian.beta-novel-bank.gc.ca,1
mfa.public-energy-city.ua,1
jupyter-analysis-server,1
corp.mfa.citybank.mil,1
siemens.research-power-novel.com,1
dev-remote-access.novel-airforce.mil,1
control.southbank.ua,1
pilot.pump.aero-main.org,1
accounts.south-medicine.ua,1
prototype-pump.north-chemical.us,1
conveyor.staging-bright-security.gov,1
login.electric-today.org,1
yokogawa.medicine-city.ua,1
preprod-fortinet.west-chemical.ca,1
vpn.pilot-westoil.org,1
prototype-kace.next-electric.org,1
devo-sso.westelectric.gov,1
appliance.electric-city.com,1
*.12k.co,1
prototype.security-next.com,1
jenkins.beta-medicine-north.mil,1
fan.security-future.ca,1
dev.medicinebright.org,1
admin.aerosouth.us,1
jira.first-finance.gc.ca,1
dev.first-gas.org,1
accounts.power-state.mil,1
research-zoho.todayenergy.ca,1
thermal.private-southmedicine.ca,1
research-jenkins.todayairforce.org,1
development.manufacturingtoday.us,1
heating.public-westfinance.gov,1
wso2.finance-main.ua,1
ivanti.private-westenergy.gc.ca,1
thermal.future-electric.gov,1
vsphere.medicine-east.ua,1
internal.stateairforce.gov,1
preprod.future-electric.org,1
prototype.baracuda.brightfinance.co.il,1
preprod-zimbra.manufacturing-west.co.il,1
mfa.state-manufacturing.gc.ca,1
okta.main-steel.org,1
test-vpn.nextoil.ca,1
devo.fortiproxy.finance-city.org,1
siemens.corp-north-medicine.com,1
research.support.security-first.co.il,1
mfa.devo-futureaero.us,1
siemens.backend-bright-electric.ua,1
fortios.maingas.gc.ca,1
fortinet.airforcemain.gov,1
staging.helpdesk.navy-main.gc.ca,1
temp.sonicwall.steel-bright.co.il,1
preprod.future-security.com,1
IOS-Self-Signed-Certificate-4377133199,1
qnap.public-futureenergy.org,1
admin.southsecurity.ca,1
exchange.navymain.us,1
secret-zimbra.novelbank.gc.ca,1
backend.sslvpn.manufacturing-state.ua,1
MONCO,1
appliance.firstpower.ua,1
backend-accounts.city-chemical.co.il,1
staging.financesouth.us,1
sasa,1
test.fortinet.medicine-east.ua,1
corp.powercity.com,1
research-mail.maingas.gc.ca,1
atlassian.admin-todayaero.gc.ca,1
qnap.future-energy.com,1
preprod.electricnext.org,1
prototype.yokogawa.medicine-south.com,1
login.west-steel.us,1
public-baracuda.west-steel.gov,1
admin.gas-north.mil,1
admin.state-manufacturing.us,1
heating.energywest.mil,1
algoluke,1
beta-sslvpn.next-finance.gov,1
DB,1
fortinet.north-power.gov,1
beta.northaero.us,1
dev-support.northsteel.us,1
internal.security-main.gc.ca,1
sonicwall.firstfinance.mil,1
internal.fortinet.firstchemical.com,1
qnap.powerwest.org,1
test.ivanti.novel-electric.com,1
IOS-Self-Signed-Certificate-0912591239,1
pump.corp-today-oil.mil,1
admin.west-gas.us,1
preprod.manufacturing-novel.mil,1
packaging.gaseast.org,1
hydro.staging-southoil.ua,1
control.development-aero-south.co.il,1
test.power-east.gc.ca,1
mail.pilot-electric-today.co.il,1
confluence.pilot-eastmedicine.org,1
wso2.bright-chemical.co.il,1
fortinet.beta-chemical-next.ca,1
qnap.westfinance.com,1
development.north-finance.ca,1
devo.firstenergy.gov,1
private-mfa.statemanufacturing.co.il,1
zimbra.devo-todaymedicine.gov,1
temp-yokogawa.southmanufacturing.mil,1
accounts.electric-today.gc.ca,1
vmware.future-manufacturing.co.il,1
preprod.medicinesouth.com,1
schneider-electric.prototype-power-next.ua,1
siemens.dev-south-navy.us,1
backend.steelbright.com,1
zoho.research-security-novel.co.il,1
schneider-electric.research-electric-first.ca,1
development-mail.finance-today.co.il,1
development.next-power.ua,1
backend.yokogawa.south-bank.org,1
siemens.staging-steel-north.co.il,1
temp-jira.north-power.com,1
bigip.admin-oil-today.ua,1
accounts.airforce-state.us,1
pilot-hydro.citypower.org,1
pilot.finance-future.co.il,1
beta.zoho.futuremedicine.mil,1
preprod.atlassian.novel-finance.com,1
preprod.support.airforce-south.ua,1
staging.vsphere.state-power.ca,1
vmware.manufacturingfuture.us,1
devo-jenkins.finance-east.ua,1
staging.powerstate.ca,1
beta.exchange.bright-bank.ua,1
yokogawa.test-navy-city.co.il,1
wso2.internal-northmanufacturing.gc.ca,1
test.bigip.power-west.ua,1
development.powerfirst.mil,1
admin.powermain.ua,1
corp.medicinenovel.mil,1
admin.vmware.first-gas.ca,1
secret-heating.steel-city.mil,1
corp.chemical-novel.org,1
bigip.finance-novel.co.il,1
internal-appliance.north-bank.mil,1
development.novelnavy.ua,1
private.sonicwall.mainsteel.com,1
AWS_SQL_SERVER,1
staging-hydro.north-finance.gc.ca,1
citrix.beta-power-state.ua,1
preprod.novel-security.org,1
turbo-dev,1
temp.yokogawa.westoil.org,1
public-weblogic.city-steel.ca,1
IOS-Self-Signed-Certificate-3896477990,1
research.mainfinance.ua,1
internal.statesteel.us,1
secret.northsteel.co.il,1
temp-accounts.brightmedicine.mil,1
imralay,1
corp.manufacturingbright.com,1
conveyor.staging-bright-airforce.com,1
devo-zoho.today-chemical.ua,1
fortiproxy.nextsteel.co.il,1
wso2.secret-first-navy.com,1
CC++,1
zimbra.pilot-power-city.ca,1
private-atlassian.novelgas.ca,1
baracuda.northairforce.us,1
vpn.test-next-medicine.us,1
exchange.security-first.mil,1
accounts.novel-medicine.gov,1
IOS-Self-Signed-Certificate-9198756023,1
sso.nextpower.ua,1
sso.security-bright.org,1
internal-okta.first-chemical.gov,1
jenkins.energy-south.ua,1
staging-exchange.power-west.org,1
siemens.private-main-power.mil,1
sslvpn.internal-state-aero.mil,1
heating.dev-novel-oil.ca,1
research-kace.north-bank.ua,1
staging.south-electric.co.il,1
test.manufacturing-novel.co.il,1
test.zoho.novelchemical.gc.ca,1
baracuda.pilot-energy-first.ua,1
public.kace.security-first.gov,1
thermal.today-gas.mil,1
prototype.ivanti.stateairforce.ua,1
internal-siemens.future-finance.co.il,1
research-zimbra.westenergy.com,1
fortiproxy.internal-novelenergy.gov,1
kace.research-airforce-west.org,1
staging-packaging.navy-east.ca,1
pump.todaypower.mil,1
wso2.private-next-energy.ca,1
confluence.city-bank.co.il,1
ec2-54-199-198-17.ap-northeast-1.compute.amazonaws.com,1
support.aero-bright.ua,1
preprod-remote-access.east-chemical.ca,1
backend.aeronext.mil,1
appliance.chemicalwest.com,1
admin.control.northnavy.gc.ca,1
temp.statepower.com,1
IOS-Self-Signed-Certificate-7602277698,1
mail.power-bright.org,1
beta.security-west.gov,1
fortinet.backend-finance-city.org,1
vmware.energytoday.mil,1
backend.brightsteel.ca,1
development.powerfirst.com,1
fortinet.powereast.us,1
research-sso.cityoil.gc.ca,1
prototype.remote-access.medicine-next.org,1
confluence.manufacturing-first.co.il,1
admin.fortiproxy.aero-south.mil,1
private-fortiproxy.firstmanufacturing.us,1
fan.city-airforce.gov,1
pilot-yokogawa.future-security.gov,1
prototype.airforcebright.ua,1
hydro.beta-chemical-city.ua,1
admin-confluence.nextnavy.co.il,1
corp-okta.future-medicine.ca,1
internal-ivanti.aero-bright.gov,1
staging-login.east-bank.co.il,1
preprod.chemicaleast.us,1
kace.brightchemical.co.il,1
admin-conveyor.navy-south.mil,1
admin.powernorth.com,1
private-vmware.firstoil.mil,1
admin-login.manufacturing-east.gc.ca,1
corp.sonicwall.nextfinance.com,1
helpdesk.electricmain.ca,1
preprod-sso.oil-today.gc.ca,1
Simon,1
Zenon,1
yokogawa.secret-medicine-novel.ua,1
private.schneider-electric.cityairforce.mil,1
11,1
public.bigip.state-gas.gov,1
staging.electrictoday.org,1
heating.aero-today.com,1
private-fortinet.novelmedicine.ca,1
fortios.devo-weststeel.gc.ca,1
beta.securityfuture.gov,1
baracuda.energy-bright.ca,1
wso2.power-city.ua,1
backend.futureenergy.us,1
sslvpn.gas-next.ca,1
staging.manufacturingstate.com,1
secret-atlassian.northoil.ua,1
development.schneider-electric.aero-today.co.il,1
test.finance-west.us,1
baracuda.staging-bright-oil.us,1
staging.kace.novel-power.com,1
172.31.31.137,1
internal.financefirst.org,1
prototype-schneider-electric.today-power.gc.ca,1
172.31.30.215,1
backend.zoho.south-energy.us,1
hydro.admin-north-medicine.us,1
IOS-Self-Signed-Certificate-5936075090,1
devo-accounts.energy-state.com,1
IMO,1
Cristi,1
Sastdes,1
scie,1
hocelot,1
GlobalSign Atlas R3 AlphaSSL CA 2024 Q4,1
(STAGING) Wannabe Watercress R11,1
Generated for 60.205.184.1,1
chart.jiufog.space,1
AngÃ©lica Nayeli Rivas Bedolla,1
DEV,1
Alink Secure Server CA,1
UNIFI,1
GlobalSign Atlas R3 DV TLS CA 2024 Q1,1
radon.math.kth.se,1
ip-172-31-9-59.ap-southeast-2.compute.internal,1
Sophos_CA_C0804DT3J8Y33A2,1
Default_CA_oDfM7gALqgvcMVc,1
fortinet.internal-security-first.ca,1
preprod.oilnorth.us,1
test.okta.east-oil.gov,1
test.gitlab.brightairforce.co.il,1
qnap.airforce-next.ca,1
catzquiltz.com,1
Nt,1
citrix.electricmain.us,1
development.kace.security-south.ca,1
fortinet.staging-firstbank.org,1
preprod-citrix.gas-first.ua,1
dev.docs.northsteel.ca,1
vmware.energy-north.gov,1
helpdesk.west-gas.com,1
conveyor.chemicalbright.gc.ca,1
admin-fortios.navy-east.ua,1
宝塔面板,1
test-citrix.south-electric.co.il,1
temp.accounts.next-power.gov,1
13.57.189.230,1
bigip.preprod-finance-future.gc.ca,1
fortinet.temp-main-navy.gov,1
HiPKI OV TLS CA - G1,1
beta.firstsecurity.ca,1
admin-packaging.statenavy.mil,1
core,1
admin.city-gas.org,1
mfa.internal-today-navy.us,1
政府伺服器數位憑證管理中心 - G1,1
development-confluence.nextchemical.gov,1
backend-control.stateenergy.ua,1
38.242.156.111,1
temp-fortiproxy.finance-east.org,1
beta-vmware.airforce-next.co.il,1
IOS-Self-Signed-Certificate-6018718745,1
test-ivanti.northchemical.us,1
preprod.steel-south.us,1
fortiproxy.financetoday.co.il,1
vpn.dev-power-west.com,1
atlassian.next-finance.ca,1
devo.chemicalmain.org,1
backend-okta.steel-future.ua,1
test.main-navy.mil,1
hydro.airforcenovel.gov,1
support.manufacturing-bright.gc.ca,1
corp.ivanti.north-navy.mil,1
jenkins.public-mainenergy.ua,1
sso.chemicalnext.gc.ca,1
devo.aero-future.gc.ca,1
helpdesk.bank-north.gov,1
beta-hydro.future-aero.co.il,1
private-yokogawa.citymedicine.com,1
research.state-security.org,1
10.0.0.7,1
atlassian.steelsouth.gc.ca,1
weblogic.firstmanufacturing.org,1
dev-vpn.stateelectric.co.il,1
devo.yokogawa.aero-main.co.il,1
atlassian.corp-airforce-main.gc.ca,1
kace.staging-medicine-south.mil,1
yokogawa.gas-west.us,1
heating.chemicalnovel.ua,1
public.remote-access.energy-bright.mil,1
private-vmware.futureenergy.mil,1
test.citymedicine.us,1
secret.southchemical.com,1
sslvpn.todaynavy.us,1
fan.dev-bank-state.mil,1
backend.futureenergy.com,1
Corporation Service Company RSA OV SSL CA,1
prototype-pump.medicine-future.co.il,1
secret-fortiproxy.gas-next.ua,1
jira.public-main-bank.ca,1
fortiproxy.secret-bank-north.gov,1
baracuda.devo-first-navy.gc.ca,1
qnap.north-security.gov,1
preprod-fortinet.bright-electric.com,1
fortios.dev-energy-novel.org,1
zoho.temp-north-gas.gc.ca,1
test.okta.mainsteel.mil,1
lichelle.oeds.it,1
nessa.oeds.it,1
sckr,1
backend.conveyor.steel-east.ca,1
staging.appliance.first-gas.gc.ca,1
fortinet.first-oil.mil,1
dev.schneider-electric.today-bank.org,1
test-control.futurefinance.co.il,1
admin.sso.gas-state.co.il,1
fortiproxy.novelchemical.ua,1
c2021022602267,1
corp.citrix.aero-west.ua,1
fan.west-steel.gc.ca,1
fortinet.steelcity.gc.ca,1
secret.financefirst.mil,1
private-accounts.chemical-first.ua,1
prototype.ivanti.main-bank.co.il,1
beta.confluence.gas-city.us,1
support.navy-next.gov,1
corp.sso.steel-west.org,1
admin.powercity.ca,1
dev-mail.oil-city.com,1
prototype.docs.north-gas.ua,1
zimbra.powerfuture.com,1
jira.temp-next-manufacturing.ua,1
corp.pump.next-navy.ca,1
confluence.novelmanufacturing.ca,1
bigip.novel-manufacturing.gc.ca,1
backend.power-north.com,1
stablehorde.net,1
preprod.hydro.statebank.gc.ca,1
fortios.research-novel-chemical.ca,1
beta-sso.bright-chemical.com,1
fortinet.research-medicine-today.mil,1
IOS-Self-Signed-Certificate-3862490281,1
conveyor.secret-south-power.mil,1
staging-okta.todaychemical.us,1
PeD,1
secret-citrix.bright-aero.gc.ca,1
vsphere.dev-electric-west.org,1
sso.westaero.ua,1
JohnL,1
imagebuilder-65c8fcae-be6b-6c49-6454-eb37e7513f8f,1
Amazon.com InfoSec CA G3,1
dtv004,1
fcm.googleapis.com,1
Temporary Certificate,1
juan,1
NI,1
172.31.9.233,1
172.31.31.162,1
Kimi,1
hegemon.ucsd.edu,1
172.31.65.116,1
CHANGCHANG,1
TEST,1
rohit,1
CommonNameOrHostname,1
Managed CA fb3c31fcb45bf064dd6e569db6f6eb92,1
172.31.38.81,1
bing,1
Dhananjay Bhaskar,1
envisionAI,1
172.31.37.107,1
Matt Reiter,1
172.31.23.132,1
172.31.21.144,1
opis,1
Jimmydyns,1
76.182.104.203,1
learn.definitai.com,1
ZypherTech,1
Matt,1
Bryan Lopez,1
Engineering,1
61.218.28.49,1
MP-STAC,1
cloudapp.net,1
microquake,1
172.31.47.218,1
Leo Salas,1
jbzambon,1
Z-H-Sun,1
HansenLab,1
172.31.75.208,1
VEALTHX,1
FMG-VMTM53597788,1
onest,1
AU,1
sso.south-medicine.us,1
conveyor.northelectric.co.il,1
exchange.chemicaleast.us,1
internal.control.manufacturing-today.us,1
beta.medicinetoday.com,1
beta.siemens.westgas.ca,1
sonicwall.airforcenext.us,1
admin.aero-first.co.il,1
jira.novel-navy.ca,1
preprod.docs.east-oil.ca,1
baracuda.westnavy.ua,1
Jupyter Lab,1
prototype.westmanufacturing.ca,1
yokogawa.novel-oil.gc.ca,1
accounts.staging-novel-aero.com,1
fan.secret-next-electric.us,1
mkcert ubuntu@fastapi (Ubuntu),1
weblogic.admin-energy-next.ua,1
dev.northmedicine.us,1
secret.accounts.security-novel.co.il,1
164.90.181.190,1
support.aero-north.ua,1
heating.electricnovel.ca,1
devo.energy-today.gc.ca,1
fan.corp-westpower.gc.ca,1
research.power-today.com,1
zoho.mainairforce.ca,1
aaram,1
pilot.medicine-novel.co.il,1
research.northmanufacturing.gov,1
backend.vpn.aero-novel.ca,1
test.sslvpn.first-oil.ca,1
sso.prototype-today-finance.mil,1
backend.energytoday.ua,1
74.235.104.188,1
sslvpn.bankfuture.com,1
zimbra.private-futureaero.com,1
atlassian.financecity.org,1
zoho.devo-brightairforce.ca,1
weblogic.bank-future.com,1
pump.stateenergy.co.il,1
weblogic.main-power.com,1
development.docs.navy-main.mil,1
login.preprod-steel-east.gov,1
LEEROO,1
vps-3c2ab28c.vps.ovh.net,1
Pyth,1
EC2,1
Leo,1
helpdesk.manufacturingfirst.co.il,1
corp.financetoday.us,1
corp.main-oil.co.il,1
research.citybank.com,1
internal-citrix.aero-today.org,1
research.westairforce.org,1
internal.steel-future.ua,1
dev.conveyor.southfinance.org,1
admin-kace.north-gas.mil,1
sslvpn.steel-first.us,1
staging-fortios.oil-east.gov,1
public.conveyor.southaero.mil,1
heating.powernorth.co.il,1
public.pump.manufacturing-south.org,1
citrix.temp-todayenergy.ca,1
backend.gas-future.gc.ca,1
internal-exchange.bank-novel.gc.ca,1
siemens.internal-next-aero.mil,1
yokogawa.weststeel.ua,1
pilot.today-navy.ca,1
dev.kace.medicine-state.gc.ca,1
IOS-Self-Signed-Certificate-8235850666,1
preprod.manufacturingnorth.ua,1
siemens.public-citysteel.co.il,1
vpn.aerowest.co.il,1
corp.city-medicine.mil,1
appliance.novelmanufacturing.us,1
schneider-electric.navyeast.ca,1
preprod.first-power.com,1
baracuda.northgas.co.il,1
private.navyfirst.mil,1
prototype.finance-state.gc.ca,1
development.powerbright.mil,1
citrix.today-electric.gov,1
internal.navymain.us,1
pilot.state-airforce.org,1
Guillaume,1
secret-yokogawa.power-city.org,1
fortios.devo-finance-west.co.il,1
okta.secret-medicine-east.gc.ca,1
corp-baracuda.west-finance.org,1
temp.citrix.east-navy.org,1
remote-access.internal-west-bank.ua,1
research-atlassian.city-manufacturing.co.il,1
IOS-Self-Signed-Certificate-2454834794,1
pilot.state-steel.mil,1
ip-172-31-17-168.ca-central-1.compute.internal,1
pilot.citygas.com,1
fortinet.state-energy.mil,1
remote-access.state-navy.us,1
bastion.live001.trex.petropower.com,1
internal.appliance.power-first.org,1
fan.todaypower.mil,1
packaging.admin-firstelectric.mil,1
prototype.conveyor.oil-east.gov,1
admin.airforce-east.gov,1
internal.qnap.first-power.co.il,1
backend.energy-north.mil,1
accounts.pilot-firstnavy.mil,1
login.preprod-futurenavy.ca,1
secret-fortios.citymanufacturing.com,1
thermal.today-manufacturing.co.il,1
zipline.innopearl,1
dev.next-electric.co.il,1
temp.bright-energy.co.il,1
prototype.navy-next.org,1
beta.south-navy.com,1
mads,1
vsphere.devo-gas-first.com,1
public.conveyor.medicine-state.co.il,1
172.31.91.118,1
internal.city-oil.ua,1
admin-ivanti.airforce-first.org,1
zimbra.electricsouth.mil,1
beta-confluence.southelectric.ua,1
internal.airforcesouth.com,1
docs.energy-main.mil,1
pilot.todayoil.co.il,1
bigip.research-steel-future.ca,1
corp-citrix.firstairforce.gc.ca,1
internal.control.eastenergy.mil,1
mfa.admin-south-security.mil,1
public.south-finance.co.il,1
corp.steelbright.us,1
prototype.first-navy.us,1
private.jira.city-aero.ca,1
Simon G.H.,1
login.mainbank.us,1
kace.steel-state.ca,1
vsphere.prototype-west-aero.co.il,1
docs.electric-next.us,1
beta-pump.south-power.com,1
test-remote-access.novel-airforce.com,1
thermal.corp-oil-south.ua,1
packaging.secret-steel-west.gc.ca,1
wso2.bankeast.com,1
mail.main-manufacturing.ca,1
CYZ,1
beta.wso2.mainchemical.ua,1
172.31.47.134,1
temp.oil-first.ca,1
private.today-airforce.co.il,1
thermal.east-electric.gov,1
beta.nextgas.com,1
fortiproxy.research-east-gas.org,1
Samuel,1
LLM,1
corp.exchange.state-gas.ua,1
fortinet.energynext.gov,1
Adam,1
packer-65c46d77-e9c1-1055-6928-ad6cc6b671ad,1
172.31.84.125,1
zimbra.novel-oil.gov,1
jira.medicinenovel.com,1
prototype.docs.next-finance.ca,1
devo.financenext.ca,1
beta.firstmedicine.org,1
sonicwall.staging-citymanufacturing.gc.ca,1
development.schneider-electric.electric-first.us,1
citrix.first-medicine.org,1
backend.oil-state.co.il,1
IOS-Self-Signed-Certificate-8587626112,1
secret.firstsecurity.mil,1
secret.medicinenorth.us,1
secret-confluence.first-steel.gov,1
vpn.internal-novel-finance.ca,1
172.31.33.179,1
squad,1
qnap.bank-east.co.il,1
172.31.31.198,1
Hh,1
devo.control.manufacturing-bright.co.il,1
atlassian.finance-today.mil,1
mfa.secret-today-airforce.com,1
accounts.bankwest.mil,1
devo.city-airforce.org,1
preprod-helpdesk.mainmanufacturing.ua,1
sslvpn.corp-airforce-south.com,1
preprod.southfinance.us,1
admin.statepower.com,1
admin-qnap.finance-east.ca,1
secret-thermal.gas-bright.com,1
ESI,1
172.31.27.81,1
secret-vsphere.brightenergy.ua,1
pilot.packaging.city-bank.us,1
research-fortiproxy.power-novel.co.il,1
jira.development-todaygas.gc.ca,1
private.heating.todaypower.us,1
secret.vsphere.firstsecurity.gc.ca,1
RobbieDesktop,1
Equbot,1
secret-sso.navy-west.us,1
beta.vpn.security-first.gc.ca,1
schneider-electric.staging-city-power.ua,1
staging.sonicwall.steel-state.ua,1
admin-exchange.aero-city.com,1
docs.brightbank.co.il,1
public.remote-access.oil-novel.gc.ca,1
beta.north-steel.gc.ca,1
corp.aero-novel.gc.ca,1
devo-appliance.southenergy.org,1
195.133.76.148,1
secret-sso.main-manufacturing.org,1
dev-schneider-electric.airforce-first.ua,1
staging-fan.city-oil.com,1
admin.airforce-novel.org,1
private-citrix.north-manufacturing.us,1
siemens.mainchemical.com,1
dev.sonicwall.manufacturing-south.org,1
backend.remote-access.future-finance.org,1
public.energywest.ca,1
dev.aerocity.org,1
weblogic.stateelectric.org,1
internal.sonicwall.energy-state.us,1
preprod-qnap.nextenergy.org,1
atlassian.powerstate.mil,1
secret.mail.northoil.mil,1
staging-fortiproxy.electric-bright.gov,1
secret-kace.medicine-east.co.il,1
vpn.pilot-novelairforce.us,1
Aeolus Draco,1
admin.east-medicine.mil,1
zoho.beta-todaypower.gc.ca,1
public-kace.statenavy.gov,1
vmware.backend-novel-bank.org,1
jenkins.south-bank.gc.ca,1
test.helpdesk.future-chemical.gov,1
support.prototype-main-energy.co.il,1
confluence.northpower.gov,1
pilot.today-security.org,1
pilot-exchange.first-electric.com,1
pilot-sslvpn.power-next.mil,1
private-conveyor.power-north.ca,1
qnap.statesteel.us,1
K.Menthae,1
public.eastfinance.mil,1
research.main-navy.ua,1
backend.main-electric.mil,1
Kevin Rychel,1
Edu Mid CA,1
confluence.preprod-finance-first.org,1
sonicwall.next-finance.ca,1
hugh,1
support.dev-first-oil.us,1
preprod.power-bright.org,1
preprod.bankfirst.org,1
prototype.vmware.gas-south.co.il,1
severedbread.myvnc.com,1
sslvpn.admin-power-main.ua,1
private.brightgas.gc.ca,1
schneider-electric.securitynovel.us,1
beta-fortios.west-steel.us,1
conveyor.prototype-novelpower.com,1
login.aero-next.co.il,1
DigiCert Global G3 TLS ECC SHA384 2020 CA1,1
heating.todayenergy.ua,1
backend-bigip.south-power.org,1
Raja,1
citrix.private-west-aero.ca,1
Devon,1
AI/ML,1
confluence.first-manufacturing.ua,1
172.31.58.116,1
weblogic.todayairforce.co.il,1
100.68.1.69,1
peterflaschner.com,1
Hysteria2,1
192.157.111.205,1
llm-bot-server-oscar,1
docswell.com,1
ocr.empoweredc.com,1
100.68.1.73,1
Managed CA 5e6746e52a4d4ff25ae7cb146265e8ee,1
Jianping Cai,1
Cert,1
sd,1
1.15.116.230,1
mkcert panpang@meta.local,1
www.dlshaw.net,1
cloud.cocoyeat.com,1
VISIONNAIRE,1
iZf8zgzxta9i6xdtnme1h3Z,1
*.r7z.net,1
Managed CA 92b2a7d02ed10c8a2ae3ec1e72f7db92,1
*.amekiri.net,1
172.164.240.190,1
GYAU,1
asd,1
JuliusRootCA,1
aapanel.com,1
Alax,1
lshcloud CA,1
Managed CA 309f993ca1f82dcab91c5c64389a3a0f,1
142.171.234.178,1
onix,1
ProtectoSmartTokenDemo,1
35.208.254.93,1
cnTrus DV SSL CA,1
chatbot.fluffycafe.nl,1
34.13.195.173,1
1Panel-CA,1
server mllip,1
64.227.111.109,1
Xinnet DV SSL,1
openshift-service-serving-signer@1678733597,1
100.68.1.77,1
Managed CA 8fb02e1a984a5485064a053dc2c23f40,1
(STAGING) False Fennel E6,1
SHECA DV Server CA G5,1
nasl-sd-base,1
ubuntu,1
18.203.177.226,1
4b:fd:f0:4d:a0:cb,1
ec2-3-99-172-220.ca-central-1.compute.amazonaws.com,1
Fundamental Research,1
20.40.96.153,1
ai.ust-transcribe.com,1
34.69.191.213,1
axis-295da8ecbe50,1
StreamlitSerever,1
box.bubetech.com,1
ncc-1701.biz,1
gradio,1
AI,1
book.onthewifi.com,1
Managed CA 983e89f500f8090b4a546a6a1ef020e5,1
FMG-VMTM71388833,1
janlarkyoga.co.uk.sinead-oconnor.co.uk,1
janscheffner.com,1
gehrcke.de,1
Telekom Security ServerID OV Class 2 CA,1
default,1
PositiveSSL CA 2,1
v22019014218382082,1
ip-172-31-15-181.eu-central-1.compute.internal,1
webserver.ispgateway.de,1
balancer2,1
janvanbeurden.nl,1
FMG-VMTM03172824,1
PerfectSSL,1
Trust Provider B.V. TLS RSA EV CA G2,1
dd:fa:d1:b7:39:08,1
*.hasebos.net,1
jan-maier.eu,1
janmarius.com,1
compute1,1
jancastolo.com,1
janabrams.com,1
janmalinowski.com.jmalinowski.com,1
RapidSSL SHA256 CA,1
agjprocura.com,1
axis-fd22b16ccdbb,1
*.imatic.cz,1
server018.mail-gateway.eu,1
GlobalSign Organization Validation CA - SHA256 - G2,1
COMODO RSA Organization Validation Secure Server CA,1
www.janbesseling.nl,1
janjeevika.in,1
franta.invite.cz,1
DOMENY SSL DV Certification Authority,1
59:aa:32:f4:a9:3e,1
aero,1
addon-lochnessmagic-com.gh-306625.dummy,1
b0:0b:1b:d4:ec:20,1
easy1.xnet.cz,1
jandouwevanderploeg.com,1
GlobeSSL DV Certification Authority 2,1
FMG-VMTM93708428,1
jan.tabaka.eu,1
jan-immobilien.ch,1
kpjw.webd.pro,1
Jan Märtin Intermediate Authority,1
FMG-VMTM75680879,1
IOS-Self-Signed-Certificate-7988286387,1
6b:86:be:22:43:96,1
Sectigo ECC Extended Validation Secure Server CA,1
Certum Level II CA,1
ZYSL,1
paulchen_ca,1
wall_e_ip,1
35.194.180.156,1
blog.janstaller.net,1
drjanbickel.com,1
jangarven.garven.com,1
183.238.255.171,1
jangatesdesign.com,1
janbuyshousesmi.com,1
IOS-Self-Signed-Certificate-8890929624,1
b9:0c:9b:62:8a:98,1
ollama.techcibleapps.com,1
dbsec01.ollama.com,1
56:6b:ee:5a:ba:fb,1
109.199.166.46,1
157.20.83.170,1
*.qhomelab.nl,1
IOS-Self-Signed-Certificate-7647787263,1
FMG-VMTM10587008,1
FMG-VMTM42657102,1
ac:ce:ce:76:9e:d8,1
axis-37a98bc3da6b,1
bc:77:35:e6:f7:d9,1
IOS-Self-Signed-Certificate-6567559863,1
c1:c0:38:da:94:01,1
1e:aa:05:ef:c3:b1,1
c4:a5:4a:dc:0b:ad,1
FMG-VMTM60103810,1
0a:ff:fc:ed:7d:bf,1
FMG-VMTM96593586,1
IOS-Self-Signed-Certificate-3098868100,1
FMG-VMTM29803019,1
FMG-VMTM01807051,1
IOS-Self-Signed-Certificate-4030058893,1
IOS-Self-Signed-Certificate-5191635351,1
FMG-VMTM53491764,1
IOS-Self-Signed-Certificate-3720109446,1
FMG-VMTM79513847,1
axis-e6bddc59eaa0,1
axis-1dc3caf07dbe,1
IOS-Self-Signed-Certificate-9025395102,1
bf:bb:08:91:3b:fb,1
jankary.com,1
letel.xyz,1
axis-8c8a1d7cbe6f,1
FMG-VMTM37740031,1
janpiercelaw.com,1
axis-ccba38098fe2,1
FMG-VMTM76512973,1
2e:90:e5:31:cc:6f,1
IOS-Self-Signed-Certificate-8725798837,1
IOS-Self-Signed-Certificate-6384713859,1
axis-a9983af15c3a,1
mind-dx-ai.internal,1
e2:cc:b3:4e:ae:5e,1
axis-05e02691f969,1
IOS-Self-Signed-Certificate-1748079929,1
IOS-Self-Signed-Certificate-6190221641,1
b7:e3:f8:20:f3:d9,1
axis-4c7db8aff39c,1
axis-1f62cfe1de40,1
axis-b99bda2baef9,1
FMG-VMTM24305503,1
jansolis.com.eclecticla.com,1
axis-1a1b1ce656d5,1
IOS-Self-Signed-Certificate-3340879270,1
f8:2b:89:11:cc:b2,1
axis-f1c0f6ebd7eb,1
bd:0a:ab:0f:af:9f,1
jancg.com,1
IOS-Self-Signed-Certificate-0895265348,1
fb:7d:76:aa:7f:4d,1
IOS-Self-Signed-Certificate-5848141183,1
IOS-Self-Signed-Certificate-7702174556,1
IOS-Self-Signed-Certificate-5665394833,1
IOS-Self-Signed-Certificate-9130973288,1
IOS-Self-Signed-Certificate-7044934131,1
IOS-Self-Signed-Certificate-3656248523,1
jksbngo.org,1
ff:a2:17:d1:9b:22,1
FMG-VMTM68816773,1
IOS-Self-Signed-Certificate-7450968067,1
17:d3:44:eb:7c:22,1
FMG-VMTM52822175,1
FMG-VMTM99665361,1
FMG-VMTM45216551,1
FMG-VMTM49386784,1
65:7b:fe:15:cb:f9,1
axis-bb62fb9dfbf8,1
fc:3e:4b:ea:6f:ab,1
axis-a44cfab144b9,1
FMG-VMTM81129303,1
a7:d1:fe:6c:c9:ab,1
axis-7c620abe9f6f,1
Genpact Corp US Issuing CA 01,1
72.128.26.226,1
jvandenbos.com,1
FMG-VMTM02806862,1
FMG-VMTM29344737,1
cb:dd:b5:ed:ff:de,1
IOS-Self-Signed-Certificate-1133078259,1
axis-adaeac75b8b9,1
IOS-Self-Signed-Certificate-4442313516,1
FMG-VMTM62146188,1
wesjanholdings.rockbottommarketing.com,1
IOS-Self-Signed-Certificate-7800224710,1
zhangshuo,1
8.138.0.113,1
beta.steel-east.org,1
lddgo.net,1
8.138.98.252,1
Luc,1
jankeyworks.simko.com.mx,1
CerSign DV SSL CA,1
jansnewsletters.bocaratongutter.com,1
120.77.223.237,1
portjc.com,1
Managed CA 8aaf822a5b92dcaeb5a1457e7bb3d19d,1
ziya,1
christajanryan.net,1
CA@zhouxiumin.top,1
210.65.140.225: Self-signed certificate,1
115.29.213.71,1
inthemountains.ca,1
mkcert songlx@songlx-H610ITX-D4,1
106.14.217.4,1
jansurasky.com,1
Common Name,1
ai.wuzhou.com.cn,1
111.198.160.206,1
GDCA TrustAUTH R4 DV SSL CA G2,1
Managed CA d5e4e7fdd4226b18aeaaca3b1e3a8c2d,1
120.55.84.116,1
gertjanmunneke.com,1
thecowboysweetheart.com,1
gserver,1
Managed CA 263125a2c5fe2bd2bca8c9aba476d65f,1
WoTrus OV SSL CA,1
124.71.128.111,1
artbyjanwhite.ca,1
peace0627.tplinkdns.com,1
ai.hkcpss.com.hk,1
217.250.88.125,1
178.15.43.168,1
kali.swk.one.pl,1
188.64.61.146,1
188.245.40.54:3000,1
mkcert ec2-user@ip-172-31-31-215.eu-central-1.compute.internal (EC2 Default User),1
157.230.119.134,1
ssl-fallback.page,1
manowargolfcourse.safesites.org,1
minica root ca 4aa733,1
ainfinity,1
local.ai,1
chat.exbase.io,1
173.212.229.22,1
itcf-openwebui,1
3.124.10.205,1
136.243.16.253,1
ailand,1
123.60.102.221,1
Eyun200RootCA,1
D-TRUST SSL CA 2 2020,1
TrustSafe TLS RSA SubCA R1,1
zl,1
WordPress,1
Ubuntu-2204-jammy-amd64-base,1
ingress-operator@1728331477,1
GEANT eScience SSL CA 4,1
ai.ryzehosting.com,1
Oelde-CA-002,1
18.199.80.118,1
cc-openweb.germanywestcentral.cloudapp.azure.com,1
mergefeat.xyz,1
test.localhost,1
mkcert kaouthia@nomad (John Aldred),1
lucie.stbarth.com,1
ia4biz.cloud,1
Fubon,1
gpt.itxmind.com,1
Managed CA ed92538fab0c51f1c9a330696252b352,1
XFXB,1
nas.home,1
Frank,1
Amazon ECDSA 384 M03,1
141.147.106.26,1
Mitha,1
antares,1
ISHIN,1
210.122.96.116,1
Exprivia Spa CA,1
newnginx,1
webopenui-champ.swedencentral.cloudapp.azure.com,1
bezu,1
FR,1
mkcert ubuntu@ip-172-31-37-126 (Ubuntu),1
Scaleway Internal Issuing CA,1
zhqiao,1
lucky666_cn CA,1
agent.techvify.dev,1
WEN Hao,1
SG,1
Genie VALLEY TB,1
CN,1
jupyter notebook,1
ro,1
Mihai Criveti,1
Bogdan,1
labgpu,1
root ca,1
54.169.227.100,1
miguel6.freeboxos.fr,1
FGTAZRYA2EF4UA79,1
chat.abiricz.com,1
103.115.180.68,1
KEMP Technologies,1
akachatgpt.com,1
Yves Charron,1
Scriptpilot,1
yourdomain.local,1
yuen-6,1
raspberrypi,1
Managed CA 3eb2877646899de24072cf3e3a457aa2,1
Roman Romanov,1
*.homesrv.local,1
Emerald CA,1
AbdullahOmar,1
Rick,1
Danki,1
45.156.27.50,1
bj,1
SSL Secure Site CA,1
webui.u-ai.cloud,1
Eyuninfo,1
xx,1
vm,1
64.176.167.2,1
hh,1
example.ca.com,1
Managed CA 23701daa668a1d1f514e9673f08faf59,1
Mazmaker,1
170.64.194.154,1
102.64.73.168,1
donkey.wmb,1
FG1K5D3I17805453,1
your_domain_or_IP,1
(STAGING) Pseudo Plum E5,1
dpsc.exa-corp.co.jp,1
192.168.13.10,1
ca4nbserv,1
Poocho.sbp.org.pk,1
Chanon,1
2.179.186.6,1
192.168.192.11,1
chensj.top,1
Managed CA d11a47cb563588069f6974fa134853fa,1
root,1
andi-cloud.duckdns.org,1
speakeasy.ltd,1
laragon,1
Laboratory of Cognitive Technologies and Simulation Systems,1
172.31.39.23,1
65.109.14.34,1
chat.j05h.au,1
chatgpt.itmovntean.com,1
cw-openwebui.westeurope.cloudapp.azure.com,1
softawebit.com,1
epg.ro,1
chat.dat4me.com,1
PoC,1
ocilinux7,1
chat.skysilk.com,1
monco-web01,1
mkcert chemist@Lab,1
monco,1
20.51.220.134,1
192.3.254.155,1
tdct.tplinkdns.com,1
40.124.114.192,1
BAHAEDDINE,1
172.31.41.108,1
Openchat,1
JN,1
sec-it.com,1
IT,1
Mona,1
FG1K5D3I17805254,1
Oracle,1
webui-appgw2-demo.azurewebsites.net,1
104.248.12.105,1
129.146.109.141,1
rzltd,1
vilt-ai,1
stone,1
98.33.89.157,1
Pascal,1
InCommon ECC Server CA 2,1
zauin,1
davidwasson.io,1
Example Root CA,1
HydrantID Server CA O1,1
Managed CA 1115fd314304e46053203246cbc3f6f0,1
Managed CA 366f549ce2d821df174e0002ba21edc8,1
ai.phynd.net,1
chat.rpmind-ai.com,1
monco@tera.co.kr,1
43.153.51.123,1
173.208.241.154,1
IP Address Certificate,1
Managed CA a82296e5b8a63de4dc9807149403440c,1
Godgo,1
tensor one,1
SJH,1
20.79.200.54,1
THX1138,1
MW,1
mudit,1
pi,1
Kotaro Setoyama,1
Jo Inge Arnes,1
sakura.ne.jp,1
Domain CA,1
tmrpo,1
Zeus PC,1
Sophos_CA_C0A0B73V8K94K2F,1
Kodaco,1
ingext,1
Project Self Signed CA,1
Axis,1
Thawte TLS ECC CA G1,1
ai.easy4net.it,1
nas.r-u.me,1
cacserver.hopto.org,1
myazurecertv1,1
test,1
yasar,1
server.local,1
prushik.dedyn.io,1
*.veniosystems.net,1
DigiCert SHA2 Extended Validation Server CA,1
Managed CA 437fd0b46e382eb22f3b8b0ede5330b4,1
