cert.subject.org,count
nan,284302
"CloudFlare, Inc.",675
安特百科（北京）技术发展有限公司,498
阿里巴巴（中国）网络技术有限公司,298
Internet Widgits Pty Ltd,281
Rescale,207
Duke University,162
"Alibaba (China) Technology Co., Ltd.",132
ispgateway,131
BPTFRQAP,129
SNQWLMDM,122
AXIS Communications AB,121
Fortinet,112
ACLSXJAF,109
ERNNGRTR,107
EZNLZYMF,103
ZKDNYAAD,102
XJJEVLOE,101
EDVWOGAM,100
XBFSGRYU,100
FMOCXCAJ,100
ZVYKBPMX,100
IHJGTEES,98
ZQPENMFK,98
HGXPCIIJ,98
ZOBPVZPL,98
QGFYGKPS,97
ECDGAJWI,97
QJWVYHOH,96
KBLKFUMZ,96
WAPHNAZO,95
CVETQNSM,95
PMGXDNVP,95
HJEXYMGB,95
TJFXARQF,95
YGEZBGYT,94
TFIPMSKP,94
TSEEQVLX,94
GQLBOSOZ,94
CJTCCLUA,94
VGVJVDUH,94
JQSODMCS,93
ZDLNMSNO,93
VGUBTDXK,93
DTZZWLZF,93
ZHOLSEZT,92
TWUJWCPX,92
TKCBYBIL,92
KSUNZJZL,92
CPUTDZMP,92
KUMOYDHC,92
OLLPQLHO,91
MWTZZJDU,91
BLQXXYMW,91
ZGZLMMPF,91
WGYZUCQQ,91
WTZMYTAE,91
PHOLREIL,91
ECWSMXDT,90
CWHXVKNT,90
OXYBDPLG,90
DRBDAEFX,90
Plesk,90
KUUORRAB,89
LHUCLIUU,89
UUYMERDO,89
KDLHCYNC,89
HMARSQIY,88
XHBKZUWG,88
FJOEHKWJ,88
GEYAPSQU,87
WFMVOAOK,87
EQKLLOLR,87
JNNMVDNR,87
RGWPYBWQ,87
LZXOIJJR,87
ZBGOIPFD,87
QBUHCQXQ,86
JTETFBTR,86
YELLBJQK,86
ZXUGQMAV,86
UMYZFWCY,85
BOGXIRKH,85
EFRKJNAU,85
QCYYBDLX,85
LEUIHVUD,85
TGEOJGXS,84
OOVTHEBF,84
KGHNUONX,84
XJZEGZBJ,83
UXQXOPOF,83
LGVBFEBQ,83
NOZDYEEP,83
GPESWESJ,82
JMRGXXGH,82
WLOMOCNG,82
YYHYQHLU,82
PVKTNIWU,82
FCKXAWDH,81
ZHFXUWYL,81
LKJULXBJ,81
CBPNZVXZ,81
HDWNERHX,81
MMYJMTUF,81
ZQCFSMSD,80
VQDIFVIR,80
PTGEFAVN,80
HTXYWDJT,80
ERDKJKWA,79
RMSEXDMV,79
UXSMDJFD,78
PTUSUYEQ,78
VWTHDBLO,78
ZCTZFKUH,77
XBIMJZGK,77
EQXOUGWQ,77
TMFMLGJQ,76
BTVLOJEF,76
DTCZFWXN,76
STFGHWWT,76
OXNYMKDW,75
ZMJTHDBZ,75
LKEFMQDF,75
RUJXSUIA,75
LRHUEROO,74
FOAIBTLO,74
NTKCWGTB,74
OBRUXEEF,74
TXPFAMUJ,73
MVNKGUQB,73
"University of California, Berkeley",72
DFMGEXQW,72
XCNPTXEO,72
PMJERMBU,72
UHMFZDVX,71
GUXDLSWE,71
YVXROHKC,71
ELHWORAL,70
PENEGFFO,69
BZKIQNHU,69
XFKWRFHX,69
CTIQBJMT,68
VNKKVKGP,68
FSOPDPER,68
NKDLURYP,67
INVTTJHP,67
NJVEKOUA,66
ROLSCQLO,65
CKSWABJV,65
VCSHHZUC,65
LDPZWBSC,65
ODMNNFYQ,65
NDFPRCDF,64
KNMXMWLV,64
ZLSNPRDC,64
XQTNEMSB,63
BYDAUCSY,63
MBWXWJDX,62
RJHTTKJH,62
KDMXERTC,61
IKNMXQZB,61
BJXZSBIC,61
IZSICCNZ,60
PMCRDLYG,59
YAGWVHJB,59
MCKHDFCT,59
LODZQDHO,59
QVRZCTSN,59
EWFPFRMQ,58
LQVRQTGP,58
WFVKHZJY,58
PFXIOCIH,58
PMNBVZOA,58
Acme Co,57
LBUQSDCM,57
EIPNVLOM,57
IIROLZPM,57
QVIZXMJB,57
XBOKEAON,57
GEUXQKWA,56
ECWFLIDH,56
IPPPQQRZ,56
LGJFXMJH,56
PGVFKQBQ,56
IXLCDEWE,56
SSISPHMO,56
TSWDVYQN,56
UOQDUWWQ,56
CLNCDTSC,56
Sophos,55
QKJPQBKB,55
AAKTJKWB,55
BNHRPLRY,55
UCFXCUZX,55
OGOLNWAS,55
北京巨浪智慧科技有限公司,54
IMYAGIPI,54
GKCNZYNU,54
PBHBJAJA,54
TFWLWCVU,54
FWFNQGBY,53
BOVLKRHF,53
DQDZWNLL,53
UOSUPXPI,53
JMEDMMCJ,53
TNMZFJHO,53
ABRMBNKS,53
HUQJDCPY,53
LXONZIFV,53
DLMZMVBH,53
SonicWall Inc.,53
ZSLJPOYC,52
KGRWEJBB,52
HBPSYTAM,52
OAZYKVGM,52
HDOBYKGR,52
ELCPRPLM,52
SSTDRIMW,52
DTJEBSZI,52
QXROBKSN,52
MMLPYMBK,51
RFDRLJAC,51
MQEOCAKD,51
MFFLMCQX,51
JSLPXABR,51
IDLJUMWN,51
AXCIGSOT,51
WVWOMQLK,51
EJSYPHOS,51
KZIUOYMO,51
GQLUZJTZ,51
BKLJYXKK,51
DNYPWVFI,50
NXRHLFUO,50
AONRMNWS,50
KENGVPFV,50
YYCQUCFU,50
QTRSFQDY,50
GLHBAXTW,50
AOEQXPMZ,50
LHXLIWKG,49
LITKDRZU,49
OJUBSCKD,49
MQWNGFPV,49
YCTWNHTY,49
XVZCJWVH,49
NHIDLQKZ,49
XWEAEVFA,49
ZJFRDZIP,49
VQWIGNZG,49
XYHJGDFY,48
WFMQZJYP,48
TULEUACX,48
MLQJVYXN,48
ZQMAJIRE,48
JREJVNUR,48
NYWFHUDC,48
Mitel,48
LVXGEHWM,48
ATFQMKCL,48
MREJPARF,48
KJIUIADF,48
RWYXWQII,48
HAOBUARY,48
HFJEZECK,47
OAJCUJIT,47
LVMAAAJK,47
KRUKSDUJ,47
PBKGWULV,47
BRCAPIOI,47
YTBOFCVA,47
OHJKREMY,47
YWBRZTVI,47
GWGAOZJU,47
NENHVVQX,47
PDUKTGML,47
SGANDFXX,47
OTTBIRVK,47
ZMWZIWPI,47
WHIHZXOL,47
RPDGKDQS,47
QUNEUQQR,47
KNIBAAEL,47
VGIBGRUW,47
UMFTJLDN,46
EXGILIKX,46
MBBCKUKL,46
JKCRCUCR,46
TLBONXEZ,46
FFSWHAFS,46
MWATIAPV,46
QKHAUEBU,46
GNXUIHED,46
CTYZXTAN,46
YQJKVZCI,46
YKJXDDLK,46
ZSMYYAAS,45
UUAWVXPO,45
LENGCTYX,45
XTXTXXOT,45
TQLODZGZ,45
ETOHYCPO,45
BEVDRMYL,45
JMRZFTVQ,45
ZSODVTDJ,45
SGMBLGEN,45
ICLDROQV,45
TPVFLHKG,45
BGDCMRPY,45
QOIXBRLI,44
YDNYGAOX,44
WYJEOLUZ,44
TPAJPPDH,44
IFXSJJCQ,44
INUEMABZ,44
CEYJELLZ,44
HWTEEQRA,44
ZALDEVGP,44
GKWUFDHB,44
JIFNQIEP,44
HYRGTBUQ,44
SXFLQFEH,44
YPJDZWWW,43
LURQFYUG,43
XARIYHPJ,43
JJWLHPAV,43
KZETXXWH,43
DZNRMOCC,43
BQUUFKWF,43
RDIDKTFP,43
HCBYOPBN,43
LCZICETH,43
AOBTTGWV,43
DOYEIRRF,42
BOLPHYJG,42
LRGOAYHT,42
IEOXINHX,42
OTQDFRPU,42
ZNPITNYO,42
TSPJXMNS,42
BKQXJPQC,42
IFTVUKIS,42
EUMBZDCH,42
QBYENALQ,42
UIVLCNTD,41
FEGGXVWP,41
LYXXSJDN,41
GMKLYSSC,41
OTYTWRNC,41
SBTJHCTB,41
SREQRPGQ,41
DWYZBSOP,41
YNAXHVSP,41
Neurotech,41
TVFFYUGC,41
IOZFGOSL,41
MJKJOYFX,41
PPZLEQRA,40
CNQMCUPT,40
IXMIWZEB,40
LLHXGMRJ,40
DVNYGKKB,40
YVBMYODW,40
CDBDLZMN,40
JSQENKEB,40
PTCSJXFK,40
RZWFBWDA,40
YQIXFEOI,40
YWZZZZUC,40
CNQBPJDF,39
PJFMFDHD,39
VSFMPZYL,39
SBSTFKBL,39
HMUQKIXL,39
EZGWYQTU,39
DURKZOKY,39
UXBEJSSX,39
ETYZSQFV,39
WHQEHKWD,39
FWXPCJTH,39
QRVSPATA,39
URLCKCJT,39
UIFJTAZR,39
PDMWYCGD,39
FOQEPFZK,39
XPSIGLJU,39
XJJCQTHS,39
OTHUWVHM,39
GTMIXGLA,39
UTGXRSOS,39
RPZRLRGH,39
NAOC,39
BQJUPAZY,39
KLMLUZUN,39
FRQIRNMR,39
"Cloudflare, Inc.",38
JFSRAPYO,38
FTCLXQCY,38
JECKMWRX,38
GOUFJPXX,38
KMYFEUFK,38
CEQYFRDL,38
Organization,38
GWLKSTXN,37
UIUMJMIY,37
WVMXSOVF,37
KLODUXRW,37
MURZEHJU,37
KAAFXCVQ,37
JYMEAOOA,37
PVXWZDLB,37
TMWPAKOZ,37
JWWZSHXC,37
CLMTMCRC,36
FYFDDSKU,36
QBPIXRGR,36
USWPSEUG,36
PIQJWFJJ,36
JKWDGYVK,36
Default Company Ltd,36
YDZQBAMX,35
UBISWBJU,35
KOGKSBJY,35
YCBEMGND,35
WALXRWXI,35
XEOSNZOG,35
EDDXRPYT,35
KEIRTYMP,35
VZMKARJU,35
WEAKXOHB,35
VAOMBFEB,34
BZLDLSCC,34
TYYWLRXF,34
CJMQMZOK,34
QJTZUXWJ,34
Cisco Systems Inc.,34
NWAUGFAW,34
LWNYLHXZ,34
NOCEKSLO,34
KXSWOKHT,34
ZOJFQASK,34
KEBPEEML,34
Synology Inc.,33
LFZLOFQN,33
CUCMIYFF,33
OSJRHXVI,33
CEZGQUWC,33
QUHVVYMF,33
EEKCSOQW,33
ZAYFLPRP,33
"magnum,a.i. Ltd",33
SDZDFKRS,32
EATJDIXG,32
AMQTCKLT,32
DAHUA,32
JLIXFCCV,32
SIILBQLE,32
SNVXFVRZ,32
VNWHXFKD,31
hikvision,31
JYNYPAUI,31
UGIYQIYA,31
YBLVXTDZ,31
OFHGCJPS,31
NetDataComm,31
LSVMDUMR,31
Fortinet Ltd.,31
QSFXEQPD,31
Tridium,31
"Vodia Networks, Inc",30
MitraStar,30
Dell Inc.,30
PFKICMNL,30
GSJFLJGZ,30
YAUQMDHQ,30
HTTPS Management Certificate for SonicWALL (self-signed),29
FDYRWDQR,29
VNQZJLXI,29
NFFAKCNY,28
WJIGKCQP,28
FCASDEKG,28
TVPDBKHV,28
EZAGRTIL,28
QKSBKKZA,28
RSA Engineering Inc,27
Palo Alto Networks,27
LQUFJDYF,27
AGSQBAFV,27
GVWVJPJT,27
Realtek,27
vpn4ever,27
YCZNZGFI,27
VUWAOQXK,27
"Cisco Systems, Inc.",26
DrayTek Corporation,26
Netgear Https,26
BQVVPOGT,26
ZLNDVEYN,26
YIVYDUIW,26
FMG,26
FPMFOHYC,26
FUVYLGRO,26
Invitech,26
NHDSACOG,26
ocserv,25
Swyx Solutions,25
National Center for High-Performance Computing,25
WLBYEZEA,25
BXMSEVRL,25
NUGGQWXZ,25
SRZQLOBL,25
XNDRVCWP,25
Network,24
NTODGZPW,24
OFDWFOEN,24
TGETEDHW,24
RUFYJNLX,24
XSXNZXVH,24
Comtrend,24
Ubiquiti Inc.,23
reo-link,23
索菲亚家居股份有限公司,23
Axis Communications AB,23
RWSOCWJB,23
"Cradlepoint, Inc.",23
"QNAP Systems, Inc.",23
OmniPCX Office,23
Network Optix,23
SKVSEWCN,23
FYYYBPMK,23
ZNBLOAIK,22
SonicWall,22
mail server,22
Orange,22
IICZRGHH,22
Cleo Communications inc,22
CWVNXVQX,22
XAFLBAFR,22
MKRBASDV,22
SAS Institute Inc.,22
JYELIXHO,22
FCNNOEAD,21
Draytek,21
Zoho Corporation,21
DHJXKLLD,21
Ubiquiti Networks,21
PRTG Demo Certificate,21
WXEHHKXL,21
XZSSAYEO,21
Anyconnect,21
Metageni,21
FZXFNQYH,21
ZTDFHSZP,20
IBFLPTDC,20
HVNIHJVW,20
default,20
RStudio PBC,20
DrayTek Corp.,20
FWCRJIOX,20
ZXJUDQGR,20
OUWKCKZY,20
UNJYDIIQ,19
JMEXUKEO,19
RMVOBYFK,19
Zoho,19
JRUZHHAO,19
Indiana University-Bloomington,19
TorGuard,19
RT-AC86U,19
IPSRWINQ,19
恺恩泰(南京)科技有限公司,19
FIDJMTFU,19
VWIRHPHI,18
QXLLMSGG,18
KYHTHNKZ,18
KYNIRYVM,18
RZFOJLGF,18
QuantStudio,18
ZHNNKTHH,18
Sagemcom Ca,18
WatchGuard,18
ZyXEL,18
KJOGEOER,18
GWCHUYXS,17
BeyondTrust,17
WNAQAQSD,17
GYXWGUJR,17
CITTFAUS,17
JDBFMFAU,17
BCPTLKFM,17
MUPSNDOW,17
SXCQGGBQ,17
SDYWSXIM,17
KMDHSZTO,17
QKFBTXOU,17
JHPLKPPP,17
KSZNKNLB,16
RT-AX58U,16
STUXZMXA,16
GITLXWTD,16
QQTKZLPK,16
LOVTDYOX,16
JDMNWBAW,16
PQEQWYMA,16
TP-Link,15
"SonicWall, Inc.",15
OJCCWEAQ,15
NZIZVTAD,15
ZOAOJQTQ,15
PDKKXIKZ,15
INWPVYJQ,15
GDINCPGQ,15
XEDETYWP,15
EboerInc.,15
TDLBIZXP,15
JCNLSIUB,14
PRWETWEX,14
RUZWSDXU,14
BXLDQWTW,14
MENWUREK,14
MESKVANJ,14
YDFGOBTD,14
CDDUMJXR,14
VNBQJSFI,14
RKSPDFAC,13
WZUWSVCI,13
lucky666CN,13
QHMRKIAF,13
AGAXCQNL,13
BIDXJOGB,13
JUDVVOXU,13
AFCYJLYV,13
Feel Media,13
GGWGYQAS,13
TWKKLAPP,13
FNWPJIZE,13
"GitHub, Inc.",13
CMHVAITF,12
WSCZHOLT,12
CSHPIXWS,12
SUCBEEML,12
MKYKWWBI,12
KCPIWKFU,12
CTDNKNWJ,12
freefish,12
XDEQFLUF,12
PRXSSVGR,12
JGFDSWKP,12
YHXFEEGE,12
ZFFIGWYW,12
HRAAGDRK,12
北京沃立森德软件技术有限公司,12
XWXOAOND,12
鹏城实验室,11
Deutsche Telekom AG,11
KVSHEYHA,11
Tencent Technology (Shenzhen) Company Limited,11
WPVOJGMH,11
PFNLPGSE,11
HVPJWJJN,11
FUEPGNFA,11
FMEUHMDP,11
KXQNEINV,11
LBILEWHC,11
VSHNUIEH,11
KTCWEJYE,11
BYAHEMLH,11
NETGEAR Inc.,11
FYYEBVKJ,11
BGASKGYN,11
TESTNGINX,11
BRRZDXVJ,11
FTPDJUTV,11
ZGPCMKYM,11
KFMDHBHG,11
JHGJIZLE,11
TPCOKHNS,11
QHGDPDRY,11
VBUZYPNR,10
VWEXBQEK,10
SPNWUSZY,10
ZYEKPJOW,10
BXDUDNOK,10
TKIJVRUF,10
RMZYFXQM,10
HULSGSVT,10
GWOXQFSF,10
OZSELPTB,10
SFGESUEY,10
FWNDENHR,10
NSXKTXVQ,10
Microsoft Corporation,10
IJSXCNSW,10
OOYWNHFF,10
DIZGMUVM,10
FXBQWNQY,10
PIUPCQYO,10
UZWDMSIP,10
UIWOBJLC,10
QLHEIVPM,10
TUEQMHDO,10
ICVXUIPT,10
UTQKEXZN,10
KUAYATAZ,10
LIPOMYBG,10
GCOHOMPE,9
KMRWEZND,9
EYSRWDFY,9
RIGTDACN,9
Technische Universität München,9
YSGOUAZA,9
TGXWNMCV,9
OISUANRF,9
XPJUHHVY,9
DEVBHDZX,9
BJXGOASI,9
CBFBSMKQ,9
YXBUWLMN,9
BJJNPAXL,9
ABNJBBTL,9
No,9
YDVYQWPF,9
IZDNYZLY,9
WMCGACHE,9
ZWKWSROF,9
PRNXTNDI,9
ZKZKLCCZ,9
QRBEUPNM,9
Trustees of Dartmouth College,9
FQYDDWMB,9
FWFNMBBN,9
VTDITHRH,9
DYIRBEQL,9
TSGYVWXT,9
VJIUPVXI,9
ZNJACMKZ,9
XOZFICZM,9
KHGONMAW,9
Linuxserver.io,8
JSCCFFUU,8
EGXWBCVS,8
CMSUMOUT,8
SBUOOZUV,8
ARDANLEH,8
LVYXKVZL,8
Kong,8
JCLMOUTN,8
YXSGNKCC,8
LHGFHANL,8
TCIRPUPD,8
BAOHBCDM,8
KIAHIWZK,8
ITWUKSQK,8
EMHYVRNI,8
SXLSUSLM,8
UECEUXSG,8
TJLDQXOZ,8
AKCCNOSG,8
XYUPTEDP,8
TQXLGXHW,8
mkcert development certificate,8
MDUNPTHR,8
NVIDIA Corporation,8
Open Stream Inc,8
Parallels,8
UCSD,8
VJKKCEBG,8
UZDRIRAN,8
WZKCUNPF,8
İnönü Üniversitesi,8
OVPTYJPA,8
HEPMUDJB,8
KNZSMVWA,8
UXEQVASU,8
LJUNLZGI,7
TNCLJNJW,7
ODXAVLGE,7
Tera,7
XEICVNAN,7
WMVJTEAU,7
RALDOLYO,7
QQDBDYNG,7
HQYACFSN,7
XKPUPJFJ,7
ORFXRKTH,7
FHHDGPHP,7
BYMJGPLW,7
TDMURSDX,7
NYIZTBKV,7
JSCPIECJ,7
QTFGBSUZ,7
北京世纪超星信息技术发展有限责任公司,7
北京创新乐知网络技术有限公司,7
Greenhost,7
CCAWQKYL,7
AOSRRRTJ,7
DKCITYQK,7
YHSYCSRN,7
DCKNJQRZ,7
AHITIFWU,7
加和（北京）信息科技有限公司,7
YPAVKTRR,7
generated,7
XWXXBVJH,7
ILPCPVAE,7
JCRYXHAO,7
COCTYMFO,7
JCYPNPZJ,7
GAGJSVCF,7
FRPDXDLH,7
ISUVXDAQ,7
KZUTESED,7
XFMRVUYH,7
YY,7
QWGWETMR,7
Unspecified,6
TAWUJYCU,6
DVZZYZXP,6
TRYPTCTY,6
XNGUJLRR,6
XZXHDYDC,6
CMFAHAUA,6
XLNGAGDA,6
DNEMUGGT,6
OAFKQKBB,6
ZLOZWWGR,6
MLFRXFDO,6
WOLSOFZB,6
YVWXAHXP,6
PEDLVJVQ,6
TRXUVUSZ,6
SXDSSQTM,6
AUYEJPOT,6
DWYWAMJF,6
VBZBOUAJ,6
XMQJMWGU,6
WBAKRDVL,6
YZAYMHSN,6
EALJUYPL,6
JXOXJWQV,6
VNZTXBOC,6
KNXQQLXO,6
Royal Bank of Canada - Banque Royale du Canada,6
DZIOWUTJ,6
BSQWYMON,6
Department of Financial Services,6
XSJJGQKR,6
YVSRKTPE,6
KJAVJNWE,6
DXDAGVIJ,6
SJBNGICX,6
HQMOJMRZ,6
Trade Technologies Inc,6
东蓉华创品牌管理（北京）有限公司,5
GSSXQXNY,5
PWZMEPNT,5
Taiwan Space Agency,5
TS,5
CWNEFWUT,5
GQTLZEZF,5
IKEICISG,5
PXRDIHAM,5
Takram,5
OJRAFTQF,5
ZCXTTSJU,5
LRYIDZMK,5
XHWNAEVY,5
ALSHZMDB,5
NOSAGECA,5
Kungliga Tekniska Högskolan,5
SWQBLZHP,5
QXKFUFLE,5
IXBUQRWC,5
UQSTOQAG,5
HPE R&D ERM - Kubernetes,5
WISEcode,5
GHRSESWA,5
TAHRJGUQ,5
RRROTNAM,5
QKDFRFKF,5
YEMFJGLM,5
HFWXJMCS,5
JNDAWUHI,5
CJBLUJGD,5
JYSYIUWT,5
IMZSOKJS,5
KGVSKLFY,5
VNRCFSAW,5
Example Inc.,5
VXUBTTVE,5
Ravin,5
HCHGGULW,5
MIT,5
OPFEIRVU,5
AFDQENNT,5
财牛（上海）教育科技有限公司,5
NUMSZWDD,5
DZYKWMAR,5
DPJSTYXK,5
SIBS,5
POUJYIEO,5
AUNPMPUR,4
Forcepoint LLC,4
浙江智享云护科技有限公司,4
MNNZNRCN,4
YWQKTIRM,4
JXXPQNNK,4
MPKYUVIQ,4
HRJOJARC,4
VEALGOOX,4
GGFLBSTU,4
ITBPHOUA,4
naru,4
蜜源（广州）新媒体科技有限公司,4
Friedrich-Alexander-Universität Erlangen-Nürnberg,4
海程邦达国际物流有限公司,4
EXO HOSTING,4
Virtual TV Studio Server,4
DCLDLBME,4
FEIT,4
SZTBVSZG,4
XKUQYJRE,4
Meetrix.io,4
深圳市蓝灯鱼智能科技有限公司,4
杭州顺网科技股份有限公司,4
"ServiceNow, Inc.",4
HAGNYPSJ,4
UoA,4
JFTJSXXC,4
HLBLXUQP,4
SvetHostingu.cz,4
VGJMSSWW,4
IUUTVFAG,4
QJLQGSJT,4
AESVOUFM,4
SPYVMUTK,4
"Parallels, Inc.",4
Ludwig-Maximilians-Universität München,4
Universiteit Gent,4
bHosted.nl B.V.,4
FSZDLSXK,4
ZKSMFVHM,4
ZPCGQEUV,4
RFMPPSWK,4
CXKRXKOD,4
SVXIJVOJ,4
QKPRETWO,4
Airbus Defence and Space GmbH,4
OpenWrtef186317,4
RVOATVJL,4
XUFIRJIG,4
KOFCUFGG,4
Swisscom (Schweiz) AG,4
Netcompany A/S,4
Emerson College,4
MWRJRKEG,4
University of Oregon,4
NEXUSGXO,3
ARCHIMED SAS,3
赛尔网络有限公司,3
7elements,3
RTAI,3
摩尔线程智能科技（北京）股份有限公司,3
CAYLXZJL,3
escgr,3
VEOLIA Environnement SA,3
湖北省资产管理有限公司,3
XMOS Ltd,3
Tesla,3
成都祥瑞福泽商业管理有限公司,3
TGUDCQWX,3
Justus-Liebig-Universitaet Giessen,3
PEAMRQJV,3
Seoul National Univ,3
Urus Entertainment,3
RinaOS,3
Webagentur,3
CompanyName,3
国家计算机网络应急技术处理协调中心,3
杭州齐芯智光科技有限责任公司,3
Shenzhen Tencent Computer Systems Company Limited,3
kavout,3
深圳广播电影电视集团,3
XHEAJARU,3
AFTPCSAO,3
BQQPQYEE,3
CTZTTWNF,3
ICNPHQYY,3
GXBYQAFR,3
克丽缇娜（中国）贸易有限公司,3
GWOGEWZG,3
RKWLOHCN,3
Company,3
再鼎医药（上海）有限公司,3
DLRVVTNA,3
home,3
Northern Arizona University,3
PTNVJBDG,3
SUSGIORU,3
北京无疆脑智科技有限公司,3
FJCYNELB,3
四川正狐智慧科技有限公司,3
DDW - DEV,3
Borg,3
Haipa Labs,3
OVMRBDAU,3
LKBPVNHE,3
unknown,3
网易有道信息技术（北京）有限公司,3
GIGATRON DOO BEOGRAD,3
慧星云（杭州）数字科技有限公司,3
BRBKDQGA,3
HJRJZZCH,3
UFHVKXZG,3
YXGQGILS,3
EMRXITJP,3
HEDNTJEV,3
PFBTMZBX,3
SomeOrganization,3
TOYJSFFP,3
北京经纬物联科技有限公司,3
EGLVIKXB,3
SHAKKTII.AI,3
SIFY TECHNOLOGIES LIMITED,3
重庆觉晓科技有限公司,3
"Beijing Baidu Netcom Science Technology Co., Ltd",3
"McAfee, LLC",3
上海同陆云交通科技有限公司,3
青岛百洋医药股份有限公司,3
private,3
Bitnami,3
北京站酷教育科技有限公司,3
NKMDVQRK,3
Skyhigh Security,3
TERA,3
SIFY DIGITAL SERVICES LIMITED,3
Ollama WebUI,3
lcc1999,3
立邦投资有限公司,3
深圳中青宝互动网络股份有限公司,3
xs,3
mil,3
"University of Nevada, Las Vegas",2
Orogen Therapeutics,2
University of Iowa,2
BossaNovaSolutions,2
Dell Technologies Inc.,2
Mohamed bin Zayed University of Artificial Intelligence,2
Sixnas,2
Yellowsheep,2
成都超游猫科技有限公司,2
McAfee LLC,2
Premier FMCG (Pty) Ltd,2
MHMHYDHE,2
GPZEZAVD,2
Moon Intelligence,2
深圳市城市交通规划设计研究中心股份有限公司,2
UZCEAEND,2
EZRFEIPX,2
Stephen,2
江苏传智播客教育科技股份有限公司,2
myVesta Control Panel,2
Hochschule Stralsund,2
KDDCZYTC,2
TBWTAIOH,2
AIRJDMRT,2
SGCJONKK,2
goFluent Group SA,2
Privat,2
Cloud Astro,2
My Company,2
netcup GmbH,2
AXNFDKJL,2
CVRZDILR,2
IFMMTVPO,2
VODPWCXC,2
TYEVOBBU,2
广州轻阅网络科技有限公司,2
厦门身份宝网络科技有限公司,2
ADYRAYXG,2
北京清程极智科技有限公司,2
INSTITUTE FOR INFORMATION INDUSTRY,2
Deloitte & Touche LLP,2
中国科学院大学,2
Eötvös Loránd Tudományegyetem,2
CTU,2
Tagado,2
广东太平洋互联网信息服务有限公司,2
QXYNSAJJ,2
daatcode,2
Helsinki Institute for Information Technology HIIT,2
VAYAM TECHNOLOGIES LIMITED,2
DAVNQCTP,2
GUXHCZKW,2
Centro Informático Científico de Andalucía,2
TUC,2
Jan Ramakers Fine Chemical Consulting,2
"ZONER Software, a.s.",2
Sotun,2
XX,2
IPEXO,2
BJJVFALG,2
CroLinks.com,2
iClick Interactive Asia Limited,2
Masaryk University,2
DareNFT,2
TFVZMSRH,2
NPDRXOWF,2
Odin,2
Jan Kurtz GmbH,2
Breville USA,2
AutoAlign,2
上海财跃星辰智能科技有限公司,2
PDJHFJOP,2
BKIZHKJR,2
"KSP-SP Co.,LTD.",2
Gemeente Den Haag,2
"Ústav organické chemie a biochemie AV ČR, v. v. i.",2
Vas-Hosting.cz,2
"WEDOS Internet, a.s.",2
Webclick Web Site Hosting,2
Rational Matter Ltd,2
bujun,2
深圳交易咨询集团有限公司,2
广州市格风服饰有限公司,2
江苏医药职业学院,2
青岛雨诺网络信息股份有限公司,2
YourOrganization,2
网宿科技股份有限公司厦门分公司,2
Hudu Technologies Inc,2
北京京东尚科信息技术有限公司,2
SPARTA - UIowa,2
上海任意门科技有限公司,2
ZDNZDYVP,2
none,2
RCWSAQNI,2
lbltd,2
J17,2
广东嵩岳启创信息技术有限公司,2
CCAKOBHG,2
IZXLWFSS,2
WFLETRLT,2
GOTQYJNQ,2
杭州领猫信息科技有限公司,2
上海有孚网络股份有限公司,2
myczh,2
广州道云信息科技有限公司,2
Massachusetts Institute of Technology,2
UIUC,2
ZAKZPFNS,2
上海数讯信息技术有限公司,2
亚太卫星宽带通信（深圳）有限公司,2
"Zendesk, Inc.",2
温州日报报业集团,2
南亞塑膠工業股份有限公司,2
Emory University,2
www3420ue,2
"University of California, Davis",2
"Jan-Air, Inc.",2
"Squarespace, Inc.",2
Superiore,2
深圳前海微众银行股份有限公司,2
jupyter,2
广州筷子信息科技有限公司,2
"Faculty of Medicine, Chiang Mai University",2
YourCompany,2
Changpt,2
H2O.AI,2
Biniou,2
上海大易云计算有限公司,2
GE HealthCare Inc.,2
中山大学,2
教育部学位与研究生教育发展中心,2
浙江银盾云科技有限公司,2
中国科学院高能物理研究所,2
中车唐山机车车辆有限公司,2
沈阳理工大学,2
PROMOTION,2
HRCI,2
AP&C,2
深圳智汇创想科技有限责任公司,2
blusmart,2
PJCLAWQW,2
CBTFJJJN,2
广州盈尚智能科技有限公司,2
Universidad Jaume I de Castellón,2
盛时钟表集团股份有限公司,2
vugnara,2
Okayama University,2
统一企业（中国）投资有限公司,2
Hypometer Technologies Pty Ltd,2
AFFMFGPS,2
上海商涌科技有限公司,2
深圳市联合信息技术有限公司,2
VETGAWVW,2
AI,2
Universität Duisburg-Essen,2
JAB Josef Anstoetz KG,2
Johannes Gutenberg-Universitaet Mainz,2
Albert-Ludwigs-Universität Freiburg,2
Medizinischer Dienst Nord,2
"Shanghai Loyal Valley Industrial Co., Ltd.",2
乐税科技（北京）有限公司,2
MiAIOT,2
kmy,2
上海普瑞联网络科技有限公司,2
UNC-CH,2
Northern Illinois University,2
KERC,2
Apache Friends,2
HBPXPVST,2
贵州广播电视台,2
Xylos,2
XK72 Ltd,2
cetc,2
北京卓悦创达网络科技有限公司,2
上海市同济医院,2
上海数达物流科技有限公司,2
Eyuninfo,2
ExxonMobil,2
zh,2
北京外研在线数字科技有限公司,2
baba,2
Dis,2
"KBSEIREN CO.,LTD.",2
YAHHADA,2
OMEBGMAI,2
UPENN,2
TokWise Ltd.,2
YVUMUQFH,2
gdupi,2
南昌大学,2
SW,2
AFUNIZZR,2
Fortinet Inc.,2
竹间智能科技（上海）有限公司,2
KYHLFHRG,2
sb,2
Equbot,2
IR,2
Point Blue Conservation Science,2
上海财经大学,2
XUSXZCID,2
RLYXEIJP,2
KQACZFKU,2
CSHENNEL,2
沐曦集成电路（上海）有限公司,2
IPGIBLNB,2
CT TRUYỀN THÔNG VIETTEL-CN TĐ CÔNG NGHIỆP-VIỄN THÔNG QUÂN ĐỘI,2
PEGASUS CONTROL SA DE CV,2
JSC EFKO,2
Suranaree University of Technology,2
AI for programming and chat,2
B.E.P. Namur,2
Toten5,2
LNU,2
Open WebUI Demo,2
Fort Lewis College,2
ITHOME PUBLICATIONS INC.,2
MiEmpresa,2
中国科学院计算机网络信息中心,2
上海久尺网络科技有限公司,2
派欧云计算（上海）有限公司,2
Colorado Community College System,2
Esperanto Technologies,1
RBA Holding de Comunicacion SL,1
Openchat,1
The Brown & Hurley Group Pty. Ltd.,1
PT Asuransi Jasaraharja Putera,1
British Telecommunications plc,1
IT Hammer Solutions Oy,1
YounginCho,1
VILT,1
nodesktop,1
Private-OpenWebUI,1
Nevada System of Higher Education,1
Example Corp,1
ABC,1
NCSU,1
anna333-misl,1
Exabyte Inc.,1
Pyth,1
"Comparenetworks, Inc.",1
V8 CONSULTING S.A.,1
Ingext,1
Dyson Technology Limited,1
Bruhle.net,1
University of Pittsburgh,1
higk1234,1
KYMAPRRE,1
Internet,1
NTU,1
cu,1
Tula State University,1
CMDP,1
paulchen,1
西安葡萄城软件有限公司,1
北京大学,1
青岛海尔科技有限公司,1
北京九天云创信息技术有限公司,1
百威投资（中国）有限公司,1
济南北硕教育科技有限公司,1
ZDCRQIHL,1
LJGLBEXB,1
VKOCFAQY,1
AIMESOFT JOINT STOCK COMPANY,1
众诚汽车保险股份有限公司,1
QUZWXPOP,1
大连成者科技有限公司,1
深圳市领星网络科技有限公司,1
Fuzhou University,1
盛吉盛（宁波）半导体科技有限公司,1
中恒大耀纺织科技有限公司,1
长春金赛药业有限责任公司,1
深圳云集智造系统技术有限公司,1
上海黑桃互动网络科技股份有限公司,1
上海晨光科力普办公用品有限公司,1
hh,1
DEFAULT,1
huawei,1
AXieSoft,1
Emerald Mansion,1
Sunrise,1
ITRI,1
bj,1
Verizon Data Services LLC,1
广西桂物智慧科技有限公司,1
QEWGMTCJ,1
HQTAENTA,1
STLDGNUG,1
MEGAJFAV,1
PGGBGAIR,1
NRZRUICC,1
CUHMOOTO,1
TXVRVXWB,1
OPYVQIWD,1
Tensor One,1
DOWHAT.IO,1
Self-signed certficate,1
WorldCo,1
Blusmart,1
brain,1
Google,1
Gooie Pty Ltd,1
TYFOAPQK,1
BUAWDHGP,1
DORPAONM,1
LLC ALEAN,1
Hoge,1
dilab,1
privat,1
JN,1
CN,1
CHINAUNICOM,1
umbra solis,1
QUINNOX CONSULTANCY SERVICES LIMITED,1
Atos,1
利欧集团数字科技有限公司,1
北京居然之家家居连锁有限公司,1
"i-Scream Media CO., LTD.",1
"LivePerson, Inc",1
dlshaw.net,1
LeerooAI,1
Tehnic,1
CNR,1
Tencent,1
珠海华发实业股份有限公司,1
南通市文化广电和旅游局,1
黑龙江省交投千方科技有限公司,1
Bounty,1
杭州前方信息技术有限公司,1
深圳市财象云科技有限公司,1
千城数智(北京)网络科技有限公司,1
厦门云评众联科技有限公司,1
南京博纳睿通软件科技有限公司,1
粤港澳大湾区数字经济研究院（福田）,1
浙江吉利控股集团有限公司,1
DAS-security,1
zl,1
Alibaba,1
XFXB,1
ISHIN,1
zhqiao,1
Tsinghua Univ.,1
SAP SE,1
AZENTIO SOFTWARE PRIVATE LIMITED,1
QCPVZFIL,1
Mona,1
"UNAD Florida, Inc.",1
Snyk Ltd,1
AXEGKNBT,1
省广营销集团有限公司,1
ZypherTech,1
Georgia Tech,1
东方仿真科技（北京）有限公司,1
Alia Space Systems,1
LiteSpeedCommunity,1
EggComp,1
trea,1
MyHome,1
CETTLX,1
llm-bot,1
"UPLUCID, K.K.",1
Kodaco,1
lab,1
IGAD Climate Prediction & Applications Centre,1
海南尚泽健康管理有限公司,1
一汽解放汽车有限公司,1
Kyuzan,1
Jo Inge Arnes,1
onest,1
AU,1
上海吉祥航空股份有限公司,1
诚迈科技（南京）股份有限公司,1
Accenture LLP,1
loneslate,1
protosolution,1
LMU Klinikum,1
EAOGTQRU,1
Marist College,1
Metro,1
duke,1
Mittilabs,1
IDG,1
-,1
JWVQKQNY,1
至本医疗科技（上海）有限公司,1
PT Aliansi Teknologi Indonesia,1
Aaram.ai,1
Genpact,1
Auzmor Inc,1
EPRRMAJC,1
RWTH Aachen University,1
Radcom S.A.,1
Observatoire de Paris,1
天津蓝卡健康科技有限公司,1
myhome,1
KIE,1
Breville,1
"CAMBRIDGE INNOVATION INSTITUTE, LLC",1
Top Producer Software Inc.,1
"University of California, San Diego",1
APPEPROPO INC,1
"Netlify, Inc",1
Insight Catalyst LLC,1
"Arrow Electronics, Inc",1
UST,1
Eriksberg Inc.,1
IT,1
MKI,1
Koscom,1
Tendmill,1
FIT2CLOUD,1
AZZCOTOO,1
Mississippi State University,1
浙江同花顺智能科技有限公司,1
Amazon.com Inc.,1
Google Trust Services LLC,1
广东欢太科技有限公司,1
Kakao Corp.,1
Electronics and Telecommunications Research Institute,1
LAON PEOPLE INC.,1
深圳图灵协同科技有限公司,1
TSQ,1
Universiteit Leiden,1
Jan Krul Caravans B.V.,1
CB,1
前线网络信息技术（北京）有限公司,1
ZABSPIEP,1
NDIKRQQT,1
"Forever Living Products International, LLC",1
APUSIC,1
OrangeCat,1
JINR,1
Citychrone,1
posco,1
Fiveåstar,1
MeNow Ltd,1
k,1
M,1
hknc,1
BBOXX,1
12K,1
hams,1
SmartDigitale,1
PA,1
Demand Film,1
Supr,1
SWFBPGSQ,1
VYHWINEA,1
NYZURCKQ,1
Provider B.V.,1
Aero,1
KRAXNET s.r.o.,1
jan-immobilien.ch,1
Rijksuniversiteit Groningen,1
Gemeente Nijmegen,1
hasebos,1
Politechnika Rzeszowska im. Ignacego Łukasiewicza,1
Urzad Marszalkowski Wojewodztwa Kujawsko-Pomorskiego w Toruniu,1
Univerzita Karlova,1
Jan Märtin,1
Nine-nine B.V.,1
Jan Rozing Mannenmode B.V.,1
x,1
Castle Sites,1
Merchandising-ON,1
Schweizer Bevollmächtigter (Jan Möstel),1
U.S. House of Representatives,1
Assurantiebedrijf Jan Brouwer B.V.,1
Urus,1
Yoons,1
MyCompany Inc.,1
IONOS SE,1
asd,1
Netmarble Corporation,1
MG,1
Openstream Inc,1
Onixnet,1
FORD,1
Universität Münster,1
gg,1
Generame,1
Imatic,1
Micpoint BV,1
Stichting RADAR,1
Jan Janssen Fietsen B.V.,1
KRAJOWA RADA KOMORNICZA,1
UPB,1
Avans Hogeschool,1
ScieCoLTD,1
hocelot,1
Festmeter,1
MIND,1
GLBBBTPW,1
成都索贝数码科技股份有限公司,1
武汉奥拉夫网络科技有限公司,1
University of Warwick,1
Centre for Railway Information Systems (CRIS),1
Hörmann KG Verkaufsgesellschaft,1
Stiftung Kirchliches Rechenzentrum Südwestdeutschland,1
Universität Hildesheim,1
Zeitfracht Medien GmbH,1
Bayerische Akademie der Wissenschaften Leibniz-Rechenzentrum,1
QDVFRGGI,1
PT Astra International TBK,1
NMKGRVBR,1
API Ollama,1
MBS,1
MIPT,1
11,1
ATO,1
Barcelona Supercomputing Center,1
YOUJFZIR,1
GZVEVWWS,1
PKPMBRZC,1
Centre national de la recherche scientifique,1
AB MOTORS CZ s.r.o.,1
Académie de Lille,1
ML,1
Hachimi,1
ENES Unidad Morelia (UNAM),1
Syayan,1
UNIFI,1
KTH,1
Helsingin yliopisto,1
河北建工集团有限责任公司,1
上海朝阳永续信息技术股份有限公司,1
厦门最有料新材科技有限公司,1
Cocoyeat,1
广州创仁软件和信息技术服务有限公司,1
Professionshøjskolen VIA University College,1
Vereniging van Keurslagers,1
O&DS,1
Letel Inc.,1
YJRABLEN,1
mllip,1
环球国际视频通讯社有限公司,1
École polytechnique fédérale de Lausanne,1
Private,1
"Kuaikan World (Beijing) Technology Co., Ltd.",1
IKRZOMPL,1
aapanel.com,1
Null,1
Starfleet,1
北京云有限公司,1
北京小盒线上学科培训学校,1
Walkout,1
Ventus Technology,1
Book On The Wifi,1
广州爱拍网络科技有限公司,1
my-company,1
O&DS s.r.l.,1
SCKR,1
TUL,1
quints.io,1
Natosafe,1
efrouting,1
江苏省广播电视集团有限公司,1
DILZMPFH,1
Universität Bayreuth,1
JFM Fotografie,1
Haidra,1
"Alipay.com Co.,Ltd",1
Amekiri Sound Studio Limited,1
YLX,1
TEAS AND THES (CHINA) LIMITED,1
Geko LTD,1
江苏艾迪药业股份有限公司,1
文化艺术出版社有限公司,1
重庆中科云从科技有限公司,1
上海易达通信有限公司,1
天津美丽健康科技有限公司,1
三河佳通科技有限公司,1
CHIC,1
PRIVACIDAD WHOIS SL,1
財團法人國家實驗研究院國家高速網路與計算中心,1
市政府-都市發展局-都市更新處,1
Technische Universität Graz,1
FMG Procurement Services Pty Ltd,1
上海品图网络科技有限公司,1
Universität Passau,1
QQMMGZKA,1
祥源控股集团有限责任公司,1
四川速宝网络科技有限公司,1
innopearl,1
Boeing,1
SRB,1
Softtek,1
CYZ,1
INOVAARE,1
Pierian Data,1
cubocc,1
ea,1
Hh,1
Universidad de Sevilla,1
University of Michigan,1
鲁南制药集团股份有限公司,1
暄桐文化（北京）有限公司,1
浙江一舟电子科技股份有限公司,1
QDKAKAIH,1
CBZLLLHN,1
DefinitAI,1
Cambridge Semantics Incorporated,1
Covid-19,1
北京市昌平区政务服务和数据管理局,1
上海市外高桥国际贸易营运中心有限公司,1
安克创新科技股份有限公司,1
BUAA,1
北京金贝叶软件科技有限公司,1
长安大学,1
深圳市万声文化科技有限公司,1
四川国信超雄科技有限公司,1
广西优居找房信息科技有限公司,1
General Electric Company,1
宁波朗生医药有限公司,1
上海萌兴网络科技有限公司,1
数安时代科技股份有限公司,1
高济医药有限公司,1
成都新希望金融科技有限公司,1
西安昇腾智能科技有限公司,1
深圳市大白菜科技有限公司,1
广域铭岛数字科技有限公司,1
北京世纪互联宽带数据中心有限公司,1
河南师范大学,1
北京看云控股有限公司,1
湖南天天向上网络技术有限公司,1
广西财经学院,1
ziyazixun,1
上海宿趣信息技术有限公司,1
B,1
AO GK PIONEER,1
"Sina.com Technology(China)Co.,ltd",1
上海宝尊电子商务有限公司,1
"American Honda Motor Co., Inc.",1
XBYNVFUL,1
FITVABWR,1
AJSKCLYR,1
Self-signed certificate,1
上海未来无线应用研究中心,1
深圳华大智造科技股份有限公司,1
深圳市浩瑞泰科技有限公司,1
西安培华学院,1
深圳市优学天下教育发展股份有限公司,1
湖南伊鸿健康科技有限公司,1
北京大学深圳医院（北京大学深圳临床医学院）,1
上海巴克斯酒业有限公司,1
福州大学至诚学院,1
Hochschule für angewandte Wissenschaften Augsburg,1
Fraunhofer,1
识因智能科技有限公司,1
北京北方算力智联科技有限责任公司,1
湖南师范大学,1
Irdeto,1
广东启德教育服务有限公司,1
blacknepia,1
壹品慧生活科技有限公司,1
成都晓多科技有限公司,1
Garnetsoft,1
CTCI CORPORATION,1
深圳市宝安区教育事业发展中心,1
INER,1
Zxm,1
Toptal,1
han,1
ENZVWOAL,1
SKKBIVSF,1
FMVVJCRU,1
24translate GmbH,1
Carnegie Mellon University,1
Brown University,1
envisionAI,1
opia,1
Nini,1
北京微吼时代科技有限公司,1
"Beijing 58 Information Technology Co., Ltd.",1
peace0627 Inc.,1
Buin Ltd,1
Micromata GmbH,1
XXXX,1
GFPPTBWU,1
VWBBTUMG,1
GCDHJQMC,1
TGPCCUBP,1
YDBYLIKU,1
Main entry point for homelab stuff,1
Zuse Institute Berlin,1
Friedrich-Alexander-Universitaet Erlangen-Nuernberg,1
Fraunhofer-Gesellschaft zur Foerderung d. angew. Forschung e.V.,1
Hochschule Ruhr West,1
Hochschule Bremen,1
Ryzehosting,1
Stadtverwaltung Oelde,1
open-groupe,1
Fubon,1
成都康弘药业集团股份有限公司,1
AI Inc.,1
Faster CZ spol. s r.o.,1
EPRI,1
MyAI,1
LaiQuanBro,1
antares,1
Exprivia Spa,1
Mewah-Oils Sdn Bhd,1
"KIS PRICING,INC",1
FR,1
Techvify Software,1
SG,1
KT,1
ro,1
CPAGKVHD,1
imburgia-misl,1
Korea Securities Depository,1
ESI,1
aprbot,1
Robbie,1
USERNAME-misl,1
上海道勤软件有限公司,1
Globo,1
UMBC,1
Point Blue COnservation Science,1
Université de Strasbourg,1
rethit.com,1
stan,1
miguel6.freeboxos.fr,1
AI-Lab,1
KEMP Technologies,1
ECCC,1
Vysoká škola báňská - Technická univerzita Ostrava,1
Exa,1
MyCompany,1
SBP,1
JJ Co.,1
SEP,1
Universidade de Lisboa,1
Barry Callebaut Belgium NV,1
Shunno Inc,1
UBitc,1
Fadzay,1
ACO TECH SDN BHD,1
LNU.se,1
"iMazmaker Co., Ltd.",1
IBM,1
Digi,1
FUNDACAO SISTEMA ESTADUAL DE ANALISE DE DADOS SEADE,1
Mabtie,1
Petropower,1
OSH,1
WKRWTIQL,1
XCYUDSOB,1
ZLXDQMLJ,1
CEQNDSIP,1
WIZIMNOA,1
Pinochle AI,1
Pratt Institute,1
AKROSS PLATAFORMAS TECNOLOGICAS E SERVICOS LTDA.,1
MTN South Sudan,1
FlowerPower,1
MegaFon,1
University of the Thai Chamber of Commerce,1
CJSC MTBank,1
OpenWebUI,1
SLOUC Inc. Corporation,1
Speakeasy Ltd,1
北京地平线信息技术有限公司,1
CALLHEALTH SERVICES PRIVATE LIMITED,1
Aelmans Adviesgroep Beleggingen B.V.,1
Laragon,1
Dinas Komunikasi Dan Informatika Kabupaten Bogor,1
121.43.33.218,1
上海音乐学院,1
LuxProvide S.A.,1
库迪科技（天津）有限公司,1
60.205.184.1,1
ROYAL MELBOURNE INSTITUTE OF TECHNOLOGY,1
Osaka Research Institute of Industrial Science and Technology,1
Rover Technologies LLC,1
INMOBI TECHNOLOGIES PRIVATE LIMITED,1
"General Dynamics Ordnance and Tactical Systems, Inc.",1
Noota,1
特赞（上海）信息科技有限公司,1
jiufog,1
Inje University,1
localhost,1
IT University of Copenhagen,1
Intel Corporation,1
上海柯布西科技有限公司,1
VPĐD KIM SON LIMITED TẠI THÀNH PHỐ HỒ CHÍ MINH,1
Centre de Recherche Informatique de Montreal Inc.,1
NxtGen Datacenter & Cloud Technologies Private Limited,1
RandomOrg,1
CC,1
上海德吾信息科技有限公司,1
tmbc,1
DefaultToolset,1
政府機關-臺北市都市更新處,1
University of Brunei Darussalam,1
黄河交通学院,1
SILPO-FOOD LLC,1
"Red Hat, Inc.",1
Talisa,1
DPB,1
Eye Guide,1
Purdue University,1
KIPS PREPARATIONS PRIVATE LIMITED,1
UNIVERSIDAD JUAREZ AUTONOMA DE TABASCO,1
EximprodEngineering,1
Dat4me,1
xx,1
vm,1
IHTPEDAE,1
Stichting Cito Instituut voor Toetsontwikkeling,1
Accertify,1
SIMPLICITY MARKETING LIMITED,1
ODreaming AI,1
Rudra Group,1
TANITLAB SARL,1
HomeLab,1
Sveučilište u Rijeci,1
Secure Internet Technologies,1
Hurro,1
YourOrg,1
Venio Systems LLC,1
Alink,1
