server,count
nginx,97387
nan,52397
cloudflare,29415
uvicorn,23212
Apache,8693
nginx/1.18.0 (Ubuntu),7242
nginx/1.22.1,5991
openresty,5463
TornadoServer/6.1,5219
Vercel,3935
nginx/1.24.0 (Ubuntu),3659
TornadoServer/6.2,2503
Caddy,2435
LiteSpeed,1867
nginx/1.15.12,1804
TornadoServer/6.0.4,1640
nginx/1.20.1,1432
nginx/1.27.4,1176
TornadoServer/6.3.2,1136
TornadoServer/6.4,845
TornadoServer/6.0.3,731
nginx/1.16.1,721
nginx/1.27.0,682
nginx/1.18.0,648
nginx/1.25.5,646
nginx/1.27.3,629
Apache/2,622
nginx/1.24.0,608
TornadoServer/5.1.1,601
Microsoft-IIS/10.0,567
ConcedoLlamaForKoboldServer,567
Tengine,564
Apache/2.4.52 (Ubuntu),545
TornadoServer/6.3.3,527
nginx/1.26.2,519
TornadoServer/6.4.1,491
nginx/1.14.1,482
nginx/1.27.2,468
Apache/2.4.62 (Debian),457
Apache/2.4.41 (Ubuntu),420
nginx/1.14.0 (Ubuntu),389
Apache/2.4.29 (Ubuntu),357
TornadoServer/6.4.2,315
nginx/1.21.5,311
nginx/1.26.3,304
llama.cpp,303
IdeaWebServer/6.3.1,293
nginx/1.10.1,272
nginx/1.25.4,238
nginx/1.13.8,231
nginx/1.14.2,231
TornadoServer/6.0.2,227
openresty/1.19.3.2,220
Apache/2.4.62 (Unix),218
Elestio,213
Apache/2.4.58 (Ubuntu),194
nginx/1.26.0 (Ubuntu),194
TornadoServer/5.1,191
nginx/1.23.4,173
TornadoServer/5.0.2,167
nginx/1.27.1,165
nginx/1.25.3,161
Google Frontend,156
istio-envoy,154
TornadoServer/4.5.3,145
Apache/2.4.25 (Debian),139
AmazonS3,138
nginx/1.26.1,129
hcdn,129
Apache/2.4.57 (Unix),122
Microsoft-IIS/8.5,119
Apache/2.4.63 (Unix),117
GitHub.com,115
Netlify,113
nginx/1.10.3 (Ubuntu),112
ATS,105
Microsoft-IIS/7.5,102
Squarespace,102
Python/3.10 aiohttp/3.11.13,101
nginx/1.10.3,100
TornadoServer/4.5.1,93
Cargo,93
TornadoServer/6.3.1,91
Apache/2.4.38 (Debian),90
GSE,90
Apache/2.4.10 (Debian),89
envoy,88
openresty/1.19.3.1,85
nginx/1.23.3,83
TornadoServer/4.5.2,83
openresty/1.25.3.1,82
gunicorn,78
nginx/1.12.1,77
Apache/2.4.59 (Debian) SVN/1.10.4 mod_fcgid/2.3.9 OpenSSL/1.1.1n,75
cdn,74
Python/3.12 aiohttp/3.11.11,72
nginx/1.13.7,71
Apache/2.4.18 (Ubuntu),69
nginx/1.12.2,69
openresty/1.19.9.1,68
Microsoft-IIS/6.0,66
nginx/1.22.0 (Ubuntu),64
CM4all Webserver,64
nginx/1.26.0,64
Tengine/3.1.0,62
nginx/1.25.2,62
nginx/1.22.0,61
nginx/1.17.9,61
Kestrel,60
JAWS/1.0Oct232015,59
Apache/2.4.62,59
nginx/1.20.2,59
openresty/1.15.8.2,59
PDR-M800/1.0,59
TornadoServer/6.3,58
openresty/1.13.6.2,58
Goahead/2.5.0PeerSec-MatrixSSL/3.2.1-OPEN,57
Apache/2.4.10 (Raspbian),57
success web server/1.0.0,56
Sun GlassFish Enterprise Server v2.1,56
Python/3.10 aiohttp/3.11.11,56
nginx/1.14.0,55
SAP NetWeaver Application Server 7.45 / AS Java 7.40,54
ASUSTeK UPnP/1.0 MiniUPnPd/1.4,54
Apache/2.4.59 (Debian),54
Miniwebserver2.0CDATAcorp2017.,54
CWMP-Agent,53
d45964bf-d48c-477c-8655-56bb369797b6,53
BlueServer/5.5.4.1,53
"OrientDB Server v.2.2.37 (build a7541e7ceeabf592dd9a7b2928b6c023cbc73193, branch 2.2.x)",53
Jetty(winstone-2.8),53
FPBX-14.0.17(13.38.3),53
awselb/2.0,52
SonicWALL,52
WYF,52
Lotus-Domino,52
Docker/19.03.8 (linux),52
Boa/0.94.13,52
Huawei Auth-Http Server 1.0,52
RomPager/4.07,52
HTTPD_ac 1.0,52
NetBox Version 2.8 Build 4128,52
App-webs/,52
WSGIServer/0.2 CPython/3.6.8,51
jjhttpd v0.1.0,51
HTTP Server,51
Apache/2.2.22 (Ubuntu),51
ch,51
JBoneOS-http,51
box,51
TornadoServer/4.4.3,51
UCM6102 Configuration | Login,51
HP-iLO-Server/1.30,51
"Linux/2.6.21.5, UPnP/1.0, Portable SDK for UPnP devices/1.6.6",51
TwistedWeb/12.1.0,51
Mini web server 1.0 ZXIC corp 2005.,51
nginx/1.19.1,51
Allegro-Software-RomPager/4.30,51
Network_Module/1.0 (RX-V581),51
Jetty(i-jetty 6.0-1570509416),51
Oracle-HTTP-Server-11g,51
SocketTools/11.0,50
Serv-U/15.3.2.155,50
Werkzeug/0.9.4 Python/2.7.6,50
"Linux,STUNNEL/1.0,DIR-850LVer1.06",50
NBB-414,50
sposhttpd/4.8,50
lighttpd/1.4.26-devel-v14.07.2,50
RGOS HTTP-Server/1.1,50
SRS/4.0.198(Leo),50
mini_httpd/1.1919dec2003,50
ttyd/1.6.3-3b174da (libwebsockets/4.1.6-),50
OVHcloud,50
appnode/ccenter,50
HTTPServer1.0,50
RSS-Webs/1.4b78p13,50
ksc/1223,50
Boa/0.94.11,49
Innbox_webserv,49
ZTE-Webs/2.5.0 PeerSec-MatrixSSL/3.1.3-OPEN,49
squid/4.13,49
hypercorn-h11,49
kngx/1.10.2,49
CloudFront,49
PasteWSGIServer/0.5 Python/2.7.6,49
openresty/1.27.1.1,49
mhttpd v1.1,49
DGuard Center 7.1.6.9,49
(null),49
Python/3.12 aiohttp/3.11.13,49
Boa/0.94.14rc20,49
Jetty(9.4.43.v20210629),49
Tengine/1.5.2,49
waitress,49
openresty/1.15.8.1,49
ver2.4 rev0,49
tinyproxy/1.11.1,48
Unknown-Webserver/1.0,48
gunicorn/20.0.4    831,48
WebSockify Python/3.6.9,48
LHS,48
micro_httpd,48
thttpd/2.2426oct2003,48
convesio/2.1,48
TwistedWeb/12.0.0,48
sundray,48
SinforHttpd/1.0,48
CheckPointSVNfoundation,48
phpiis.com,48
Mikrotik HttpProxy,48
OS 1.0 UPnP/1.0 Realtek/V1.3,48
WebServer-Webs/2.5.0,48
INTELEKTRON WEB SERVER,48
Embedded HTTP Server.,48
Tengine/2.3.3,48
"HP HTTP Server; HP ENVY 7640 series - E4W43A; Serial Number: TH73P4S0Q0063T; Built:Tue May 26, 2020 07:08:30AM {NSM2CN2022AR}",48
SonicWALL SSL-VPN Web Server,47
axhttpd/1.4.0,47
728/09824  HTTP Server version 2.0 - TELDAT S.A.,47
DasanNetwork Solution,47
sthttpd/2.27.0 03oct2014,47
GoOryx/1.0.5,47
MiniServ,47
Mhz server,47
K2P,47
MS-SDK-HttpServer/1.0,47
"Linux/4.9.84, UPnP/1.0, Portable SDK for UPnP devices/1.14.0",47
Nexus/3.19.1-01 (OSS),47
Kerio Connect 7.0.1,47
Brovotech/2.0.0,47
httpserver1.0,47
webfs/1.21,47
alphapd/2.1.8,47
Asterisk/1.8.9,47
WebSocket++/0.7.0,47
ADB Broadband HTTP Server,47
PoweredbyElectronicArts,47
15dbd20f-7fc0-910a-349c-94a3d569e732,47
Ruijie Server,47
Cross Web Server,47
Hikvision-Webs,47
Docker/20.10.2 (linux),46
Tableau,46
Winstone Servlet Engine v1.0.5,46
Miniwebserver1.0CMIOTcorp2018.,46
Varnish,46
Eudemon Auth-Http Server 1.0,46
Mbedthis-Appweb/2.4.2,46
Microsoft-IIS/5.1,46
lwIP/1.4.0 (http://savannah.nongnu.org/projects/lwip),46
Cougar/9.01.01.3841,46
"Linux,STUNNEL/1.0,DIR-860LVer1.07",46
TwistedWeb/16.2.0,46
chan-cubox,46
Jetty(7.6.0.v20120127),46
Tengine/2.1.2,46
nxahttp/2.1.7415.0,46
Web/0.02.07,46
eWON,46
squid/3.1.20,46
Abyss/2.8.0.5-X2/B2-Win32 AbyssLib/2.8.0.1,46
UPnP/1.0 DLNADOC/1.50,46
4fd7d672-bbd6-f059-9dff-51e02d6e25ee,46
IPC/2.0.0,46
Apache/2.4.25 (Raspbian),46
Jetty(6.1.x),46
httpd/3.0,46
X-Web,46
Safedog/4.0.0,46
Hiawathav6.14,46
bfe/1.0.8.18,46
boss/1.0 (BOSS),46
workerman,46
Destiny,46
2.2.23,46
RainLoop,46
IPC GK7101 HttpServer 1.0,46
X-web,46
Embedthis-Appweb/3.3.1,46
Hipcam RealServer/V1.0,46
iSpy,46
Wildfly 8,46
Output-Streamer/0.2,46
tr069 http server,46
XovisPCSeries,46
PanWeb Server/ -,45
Rumpus,45
i4m web,45
Unkown,45
WVS,45
JAWS/1.0Jan302016,45
IPCGK7101HttpServer1.0,45
Hipcam,45
RealtronWebServer1.1,45
BlueServer/5.3.2.9,45
GWS/100.0,45
"Linux/4.4.180+, UPnP/1.0, Portable SDK for UPnP devices/1.12.1",45
Apache-Coyote/1.1,45
Climatix,45
Beaver,45
webserver,45
nginx/1.25.1,45
IPCamera-Web,45
uhttpd/1.0.0,45
TASK-SERVER-NAS,45
squid/4.14,45
webcache,45
SRS/3.0.85(OuXuli),45
nostromo 1.9.4,45
Arcadyan httpd 1.0,45
RealVNC/E4,45
LPS-0.1,45
"Linux,WEBACCESS/1.0,DIR-850LVer1.15",45
Jetty(i-jetty6.0-1650699557),45
WindRiver-WebServer/4.5,45
David-WebBox/12.00a (1291) WIN32,45
mcdhttpd/1.2,45
Ruijie Servrer,45
MiniServ/1.990,45
xxxx,45
Net-OS 5.xx UPnP/1.0,45
IBM_HTTP_Server,45
CherryPy/4.0.0,45
MS-MFC-HttpSvr/1.0,45
AkamaiGHost,45
VB,45
Prometheus,45
lighttpd/1.4.45,45
BitNinja Captcha Server,45
Polycom SoundPoint IP Telephone HTTPd,45
GoAhead-Webs,44
fwebserver,44
PAM360,44
GeoWebServer 5.0.0.0,44
adong,44
Jetty/3.1.8 (Windows 2000 5.0 x86),44
Saia PCD3.M5340/1.16.69,44
TOPSEC,44
lighttpd/1.4.35,44
Qualvision -HTTPServer,44
eCos Embedded Web Server,44
lighttpd/1.4.39,44
WebServer/1.0 UPnP/1.0,44
Web Server/1.0,44
Jetty(9.4.44.v20210927),44
Cimer,44
BlueIris-HTTP/1.1,44
Apache/2.0.43 (Win32) mod_jk/1.2.2-beta-1,44
QWS,44
NetdataEmbeddedHTTPServerv1.32.1-37-nightly,44
KWS-1043N-Svr,44
RG/Device 10.x,44
Apache/2.4.56 (Debian),44
nPerf/2.2.0 2019-04-02,44
Jetty(9.3.z-SNAPSHOT),44
HASP LM/16.00,44
darkstat/3.0.718,44
JFinal 4.9.17,44
rcell,44
Medusa/1.12,44
httpd,44
gws,44
Docker/19.03.9 (linux),44
CPE FILE Server,44
"Web Hosting by Dot Enterprise Co.,Ltd (http://www.de.co.th/)",44
BaseHTTP/0.6Python/3.8.5,44
DNVRS-Webs,44
SP-XML,44
nws/1.0,44
Start HTTP-Server/1.1,44
SY8033,44
airCube,44
LINUX/2.4 UPnP/1.0 BRCM400/1.0,44
fibjs,44
GW,44
Jetty(6.1.26),44
IdeaWebServer/6.2.1,44
tsbox,44
"Linux/5.10.60-qnap,UPnP/1.0,PortableSDKforUPnPdevices/1.6.22",44
-,44
Virata-EmWeb/R6_2_1,44
squid,44
"Linux,WEBACCESS/1.0,DIR-850LVer1.13",44
Microsoft-HTTPAPI/2.0,44
GoAhead-Webs/2.5.0,44
"Linux/2.6.21, UPnP/1.0, Portable SDK for UPnP devices/1.3.1",43
http server 1.0,43
Werkzeug/0.14.1 Python/3.7.3,43
P-660HW-T1 v3,43
DOSarrest,43
WebSphere Application Server/7.0,43
Niagara Web Server/1.1,43
Unknown,43
Java Composer Server 2.1,43
CouchDB/2.1.0 (Erlang OTP/17),43
Check Point SVN foundation,43
Linux UPnP/1.0 Huawei-ATP-IGD,43
MochiWeb/1.0 (Any of you quaids got a smint?),43
Web Server,43
HTTPServer,43
TwistedWeb/17.9.0,43
AdServer,43
Virtual Web 0.9,43
H264DVR 1.0,43
MoxaHttp/2.3,43
WindRiver-WebServer/4.7,43
Lexmark_Web_Server,43
MiniServ/2.000,43
CSI Web Server 1.05,43
Tieline,43
Apache/2.4.9 (Win32) OpenSSL/1.0.1g PHP/5.5.11,43
CenteHTTPd/1.1,43
Resin/3.0.19,43
vws 1.7.12,43
CherryPy/10.2.2,43
Apache/2.2.0 (Unix) mod_ssl/2.2.0 OpenSSL/0.9.7g PHP/5.1.1,43
FunshionService1.0.5.8Beta,43
Oracle XML DB/Oracle Database,43
Servrer,43
Switch,43
TP-LINKHTTPD/1.0,43
WebsServer,43
SOYAL Technology WebServer 2.0,43
synopc,43
lighttpd/1.4.25-devel-v2.2.24-45-gc66fb0e4,43
Trend Chip UPnP/1.0 DMS,43
debut/1.30,43
Python/3.10 aiohttp/3.9.5,43
thttpd/2.25b-lxc 29dec2003,43
httpd/2.0,43
Web-Server,43
HTTP Server 1.0,43
WingFTPServer(tonyweb),43
BackupSystem,43
PRTG,43
CherryPy/3.1.2 WSGI Server,43
TwistedWeb/14.0.0,43
Oracle XML DB/Oracle9i Enterprise Edition Release 9.2.0.1.0 - Production,43
SRS/4.0.177(Leo),43
openresty/1.21.4.1,43
"ZLMediaKit(git hash:b4207240,branch:master,build time:Nov  2 2021 11:36:02)",43
FSM-Webs,43
TestApp-1.0.0,43
Icecast 2.4.4,42
uc-httpd/1.0.0,42
Coruscant,42
Kerio Connect 9.2.8 patch 1,42
SRS/5.0.98(Bee),42
swoole-http-server,42
H3C-CVM,42
d7b452-d70-1255-4515-9b56f13a6dab,42
Jetty/5.1.10 (Windows Server 2008/6.1 amd64 java/1.6.0_07,42
nginx/1.21.3,42
TOSHIBA TEC CORPORATION,42
Mbedthis-Appweb/0.0.0,42
Stoneoim,42
Xovis PC Series,42
"Linux,STUNNEL/1.0,DIR-850LVer1.13",42
router webs,42
Cowboy,42
webswing.org,42
Webio Embedded server v1.0,42
LTE Router,42
4D/18.3.0,42
Miniwebserver1.0ZXICcorp2005.,42
ATS/7.0.0,42
aeserver,42
Jexus/5.8.2.21 Linux,42
RomPager/4.37,42
MinIO Console,42
infosec/1.0.0,42
lighttpd/1.4.19,42
JAWS/1.0 Aug 26 2015,42
mORMot (Windows) Microsoft-HTTPAPI/2.0,42
Httpd/1.0,42
CherryPy/3.2.2,42
lighttpd/1.4.28-devel-9217,42
udpxy 1.0-23.10 (prod) standard [Linux 3.18.67 x86_64],42
Microsoft-Azure-Application-Gateway/v2,42
HFS 2.1 beta17,42
squid/3.3.8,42
eCos,42
WCY_WEBServer/2.0,42
BarracudaHTTP 4.0,42
mongo/2.0,42
Miniwebserver1.0Skyworthcorp2017.,42
Titan,41
Boa/0.94.14rc19,41
Henry/1.1,41
app07,41
AR,41
HTTPD_ac1.0,41
iPlanet-Web-Proxy-Server/3.6-SP5,41
Cassini/5.0.4.0,41
SuperNode Server/2.3.47,41
VDNServer/2017,41
o2switch-PowerBoost-v3,41
CradlepointHTTPService/1.0.0,41
E2EE WebSocket Server/0.7.0,41
Satrack,41
Evernote/1.0,41
ThunderDcdn,41
Easy-html,41
Linux/3.10.0_s40 UPnP/1.0 Portable SDK for UPnP devices/1.6.12,41
httpd_four-faith,41
mini_httpd/1.21 18oct2014,41
lighttpd/1.4.32,41
Embedthis-Appweb/3.4.2,41
Boa/0.94.14,41
JAWS/1.0 Apr  8 2014,41
Grandstream/1.10,41
Boa/0.94.14rc21,41
cisco-IOS,41
Embedthis-http/4.0.0,41
Jetty(7.6.13.v20130916),41
LIVE555 Streaming Media v2020.04.24,41
Microsoft-IIS/8.0,41
hidden,41
openresty/1.9.15.1,41
"Linux/2.x.x, UPnP/1.0, pvConnect UPnP SDK/1.0, Twonky UPnP SDK/1.1",41
Nexus/3.9.0-01 (OSS),41
Mini web server 1.0 ZTE corp 2005.,41
none,41
mini_httpd/1.27 07Mar2017,41
TP-LINK Router,41
TwistedWeb/8.2.0,41
beegoServer:1.11.1,41
WSGIServer/0.2CPython/3.7.0,41
mginx,41
e7fd6736-5b0f-4af1-54a0-c95a00f208b,41
Werkzeug/0.12.2 Python/3.6.2,41
squid/3.1.23,41
Resin/4.0.40,41
MiniServ/1.610,41
Resin/3.1.8,41
WebServer(ipcamera),41
WintenDo,41
sslvpn 1.0,41
Clayster.Library.Internet/1.1,41
"Linux/2.6.36, UPnP/1.0, Portable SDK for UPnP devices/1.3.1",41
JAWS/1.0 Sep 18 2018,41
gunicorn/19.9.0,41
Python/3.7 websockets/10.1,41
hmhttpd/1.24-20160808,41
alphapd,41
HttpServer,41
MIIPS-2,41
Python/3.10 aiohttp/3.10.10,41
Gerenciado por StoreHosting.com.br,41
Web Server 1.1,41
728/09824HTTPServerversion2.0-TELDATS.A.,41
CVM,41
BaseHTTP/0.3 Python/2.7.17,41
Demo-Webs,40
SRS/5.0.12(Leo),40
Sanoil Bayi Portal,40
MiniServ/1.970,40
Docker/17.03.0-ce (linux),40
WSGIServer/0.2 CPython/3.7.7,40
Cisco-CUCM11.5,40
Xfinity Broadband Router Server,40
squid/3.5.20,40
SRS/4.0.161(Leo),40
DEFAULTIPPLATFORM,40
webserver/0.0.0,40
Indy/9.0.50,40
mHttp 0.1.6296.32466,40
Werkzeug/0.8.3 Python/2.6.3,40
Asterisk/13.13.1,40
Ag [47],40
Apache/2.4.46 (Unix) OpenSSL/1.1.1j,40
iPlanet-Web-Proxy-Server/3.6,40
Mini web server 1.0 Skyworth corp 2017.,40
Reposify,40
Jetty(winstone-2.9),40
Hanlong Unicron v1.0,40
shield,40
lighttpd (SliTaz GNU/Linux),40
ScreenConnect/21.14.5924.8013-1372366428 Microsoft-HTTPAPI/2.0,40
REST-Webs,40
JAWS/1.0 Sep 30 2016,40
Apache (Red Hat Linux),40
kangle/3.5.19,40
"ZLMediaKit(git hash:1292ec6,branch:master,build time:Sep 29 2021 18:28:24)",40
HFS 2.2e,40
kangle/3.5.8.2,40
GlassFish Server Open Source Edition  4.1.2,40
thttpd,40
gen5th/1.33.00,40
Werkzeug/0.16.1 Python/3.8.10,40
EZproxy,40
Mathopd/1.5p6,40
WebServer,40
AxelWebServer-1.0,40
Python/3.10 aiohttp/3.10.5,40
FC03-HTTPS,40
Intel(R) Active Management Technology 9.1.30,40
localhost,40
GoAhead-Webs/2.5.0PeerSec-MatrixSSL/3.1.3-OPEN,40
anytermd,40
ngnix,40
TwistedWeb/13.2.0,40
TwistedWeb/20.3.0,40
Mongoose/6.6,40
"Linux,WEBACCESS/1.0,DIR-850LVer1.06",40
lighttpd/1.4.37,40
Netwave IP Camera,40
Cloud,40
IPCamera-Webs/2.5.0 PeerSec-MatrixSSL/3.1.3-OPEN,40
wts/1.2,40
gunicorn/19.4.5,40
K1,40
StreamSystem,40
PLKWebServer,40
WEB SERVER,39
FlowWeb/1.4.28,39
Jetty(9.4.9.v20180320),39
"Linux/2.6.5-it0, UPnP/1.0, Intel SDK for UPnP devices /1.2",39
WebSockify Python/2.7.12,39
"Sierra Wireless Inc, Embedded Server",39
web,39
Resin/3.1.6,39
openresty/1.11.2.1,39
TitanSDK/1.6.11,39
WhoAmI,39
Nexus/3.0.0-03 (OSS),39
Oracle-Application-Server-11g,39
StreamSystem 4.0,39
IPOffice/,39
"Linux/3.18.20, UPnP/1.0, Portable SDK for UPnP devices/1.6.21",39
Neobox Web Server,39
openresty/1.17.8.2,39
instafogging/1.21.4.1,39
ReeCamIPCamera,39
Alpha_webserv,39
FuckYou,39
mini_httpd,39
TwistedWeb/19.7.0,39
APN HTTPD V1.4,39
Abyss/2.7.0.0-X1-Win32 AbyssLib/2.7.0.0,39
WebServer/2.0,39
Nginx,39
httpd 1.1,39
squid/3.5.27,39
APPWebs/,38
TR069 client TCP connection request Server,38
PRTG/13.1.2.1462,38
Saia PCD2M5540/1.10.16,38
Server,38
ioLogik Web Server/1.0,38
web server,38
GoAheadWebs,38
calibre 7.14.0,38
Intoto Http Server v1.0,38
DVRDVS-Webs,38
ZQWL-WebServer-v1.0,38
CrushFTP HTTP Server,38
CE_E,38
MoxaHttp/1.0,38
AutobahnPython/21.3.1,38
Powered by Electronic Arts,38
CJServer/1.1,38
"Linux,WEBACCESS/1.0,DIR-860LVer1.07",38
kx-ns1000,38
Apache/1.3.28 (Unix) mod_ssl/2.8.15 OpenSSL/0.9.8d,38
gunicorn/18.0,38
Aterm(HT)/1.0.0,38
"Linux/2.6.30.9-cig-4, UPnP/1.0, Portable SDK for UPnP devices/1.6.18",38
OPNsense,38
Roku/10.0.0 UPnP/1.0 Roku/10.0.0,38
avtech/1.0,38
openresty/1.11.2.5,38
openresty/1.15.8.3,38
wanduck,38
LOS HTTP Server 1.0,38
JAWS/1.0May132013,38
Mongoose/6.11,38
WSGIServer/0.2 CPython/3.9.6,38
SEPM,38
Boa/0.93.15,38
FN-Httpd 1.0 [HTTP/1.1],38
Dr.COM Server,38
yealink embed httpd,38
cdyc_web_svr1.0,38
FunshionService1.0.1.104Beta,38
GoAhead-Webs/2.5.0 PeerSec-MatrixSSL/3.1.3-OPEN,38
WebSockifyPython/2.7.5,38
Rapid Logic/1.1,38
squid/4.11,38
LANCOM,38
pve-api-daemon/3.0,38
ttyd/1.6.3 (libwebsockets/4.3.2-419f7c7),38
Apache/1.3.31 (Unix),38
Xavante 2.2.0 embeded,38
Docker/20.10.6 (linux),38
LTE Router Operation And Management,38
webserver/1.0,38
Keil-EWEB/2.0,38
streamserver,38
TopWebServer,38
HTTPD_gw 1.0,38
ReeCam IP Camera,38
Caddy v0.11.1,38
"Linux/2.6.37, UPnP/1.0, Portable SDK for UPnP devices/1.4.7",38
"CuteBi Network Tunnel, (%>w<%)",38
Splunkd,38
RTKWeb0.9,38
ZTE web server 1.0 ZTE corp 2015.,38
SiteScope/9.0 04:38:55 2007-08-19 build 911,38
Web server,37
Oracle-iPlanet-Web-Server/7.0,37
JAWS/1.0 Aug 21 2013,37
server,37
CUPS/1.7 IPP/2.1,37
E2EE Server 2.0,37
flowproxy,37
MobileSMARTS/5.2.46.14758 Microsoft-HTTPAPI/2.0,37
Icecast 2.4.2,37
beegoServer:2.0.0,37
Sunny WebBox,37
NetDataEmbeddedHTTPServer20200416-1574-g011c015a6,37
FunshionService1.0.1.63Beta,37
w3httpd/1.0,37
Cisco-CcspCwmpTcpCR/1.0,37
ComfileHMI Runtime,37
WMI Http Server,37
ttyd/1.6.3(libwebsockets/3.1.0),37
iis8.0,37
Webserver,37
Astra,37
Nexus/3.13.0-01 (OSS),37
gf-app,37
Docker/1.11.1 (linux),37
Keil-EWEB/2.1,37
oatpp/1.2.5,37
Apache/2.2.9 (Win32) DAV/2 mod_ssl/2.2.9 OpenSSL/0.9.8i mod_autoindex_color PHP/5.2.6,37
Tengine/2.3.2,37
Linux/2.x UPnP/1.0 Avtech/1.0,37
Jetty(8.y.z-SNAPSHOT),37
Werkzeug/2.0.1 Python/3.6.9,37
WildFly/10,37
ttyd/1.6.3(libwebsockets/4.3.2-419f7c7),37
gunicorn/20.0.4,37
WEB-ROUTER,37
webs,37
Apache/2.4.27 (Unix) OpenSSL/1.0.2k,37
HTTPD  1.0,37
Python/3.8 aiohttp/4.0.0a1,37
HID-Web,37
TP-LINK HTTPD/1.0,37
BigIP,37
Indy/9.00.10,37
cPanel,37
GlassFish Server Open Source Edition  4.0,37
LSWebServer/1.0.0,37
squid/4.10,37
openresty/1.11.2.2,37
58f5b853-36b6-597e-16c6-4610e7fd83a4,37
Miniwebserver1.0ZTEcorp2005.,37
bks400,37
Jetty/5.1.x(Linux/2.6.26-2-686i386java/1.6.0_22,37
Swift1.0,37
SRS/4.0.201(Leo),37
HFS 2.3c,37
Python/3.10 aiohttp/3.8.4,37
Wintendo1.3.3.7,36
DS67x0,36
Router,36
Jetty(9.2.14.v20151106),36
HTTPD,36
nginx/1.21.6,36
IPC@CHIP,36
TeleEye/1.1,36
VirtualWeb0.9,36
CPE-SERVER/1.0 Supports only GET,36
BRCM HTTP Server,36
Restlet-Framework/3.0m1,36
B&R Web Server  Ver. {2-250416-25},36
WSO2 Carbon Server,36
OrientDB Server v.2.2.22 (build fb2b7d321ea8a5a5b18a82237049804aace9e3de),36
sw-cp-server,36
CherryPy/3.2.5,36
Citrix Web PN Server,36
HFS 2.4.0 RC6,36
openresty/1.9.3.1,36
GS-Webs,36
thttpd/2.25b PHP/20030920,36
H3C-Miniware-Webs,36
GEM ver1,36
Cambium HTTP Server,36
MS-MFC-321-1/1.1,36
tcgo-server/0.25.3,36
t1-httpd/1.4.43,36
lighttpd,36
AvigilonGateway/1.0 Microsoft-HTTPAPI/2.0,36
gaaa,36
Cam-Webs,36
HFS 2.4.0 RC7,36
XCDN,36
"HP HTTP Server; HP HP OfficeJet Pro 8720 - D9L19A; Serial Number: CN81HC6060; Built:Wed Jan 27, 2021 02:31:26PM {WMP1CN2105AR}",36
webs/,36
StartHTTP-Server/1.1,36
GoAhead-Webs/2.5.0 PeerSec-MatrixSSL/3.4.2-OPEN,36
Indy/9.0.11,36
Microsoft-WinCE/6.00,36
WSGIServer/0.2 CPython/3.8.5,36
VA Web Server,36
Jetty(9.4.z-SNAPSHOT),36
SimpleHTTP/0.6 Python/2.7.16,36
mini_httpd/1.30 26Oct2018,36
Python/3.11 aiohttp/3.11.13,36
WWW Server/1.1,36
ZK Web Server,36
VIAWEB system/1.0.0 (http://www.viawebsystem.com.br),36
SuperSign,36
Virata-EmWeb/R6_0_1,36
WebBox-20,36
Octopus Deploy/ Microsoft-HTTPAPI/2.0,36
Werkzeug/2.2.3 Python/3.10.11,36
Electrex HTTPserver,36
RomPager/4.07 UPnP/1.0,35
MQCache/2.1.0,35
IPCamera-Webs/2.5.0,35
Yamaha-RT,35
lighttpd/1.4.55,35
OpenCms/11.0.2,35
LTE Router Webs,35
BaseHTTP/0.3 Python/2.7.10,35
Infra911,35
DWS,35
MiniServ/0.01,35
WSGIServer/0.1 Python/2.7.12,35
Dptechserver,35
ver2.4rev0,35
demce.tk,35
thttpd/2.25b29dec2003,35
HTTPD1.0,35
"Linux, HTTP/1.1, DIR-850L Ver 1.13",35
"Linux/3.0.8, UPnP/1.0, Portable SDK for UPnP devices/1.6.19",35
lighttpd/1.4.32-devel-20015M,35
lighttpd/1.4.20,35
3S_WebServer,35
Kerio Connect 8.3.1,35
squid/3.5.12,35
PRAVIS/1.0,35
miniupnpd/1.0 UPnP/1.0,35
gunicorn/19.7.0,35
Nexus/3.7.1-02 (OSS),35
Linux/2.6.28 SI Cloud Camera,35
Crestron Webserver,35
MiniServ/1.941,35
NVR EXT SERVER,35
Niagara Web Server/3.8.111,35
HFS 2.4rc2,35
Payara Micro #badassfish,35
orbis,35
HCMSActiveX Viewer,35
K3,35
MAGI 1.0,34
TRMB/1.2,34
H3C-CVM    5049,34
fasthttp,34
httpd_gargoyle/1.0 14mar2008,34
Jetty(8.2.0.v20160908),34
Mini-RomPager/4.34,34
Werkzeug/1.0.1 Python/3.8.2,34
HTTPD 1.0,34
K2,34
Jetty(9.4.33.v20201020),34
yuntuc,34
Cherokee/0.99.9 (UNIX),34
cc-web/1.6.3,34
darkhttpd/1.12,34
WildFly/8,34
WebServer/1.0,34
LOVE,34
GlassFish Server Open Source Edition  4.1.1,34
Jetty(6.1.26.hwx),34
Goahead/2.5.0 PeerSec-MatrixSSL/3.2.1-OPEN,34
TeamSpeak Server 3.13.2,34
Server Version 11.0,34
mini_httpd/1.3026Oct2018,34
ross Web Server,34
Web Server/2.1.0 PeerSec-MatrixSSL/3.1.3-OPEN,34
Jetty(6.1.14),34
yawcam/0.6.0,34
squid/3.5.25,34
lighttpd/1.4.28-devel-10177,34
FastCGI,34
mpd web server,34
Werkzeug/2.0.1 Python/3.7.11,34
AirTunes/377.30.01,34
WSTL CPE 1.0,34
xxxxxxxx-xxxxx,34
PRTG/19.4.52.3515,34
Werkzeug/0.10.4 Python/2.7.1,34
h2o/2.3.0-DEV@1d12c355,34
secure,34
Payara Server  4.1.1.164 #badassfish,34
BaseHTTP/0.3 Python/2.7.5,33
Safedog WAF,33
JAWS/1.0 Mar  6 2017,33
nginx/1.23.2,33
CDMSSERVER,33
Streamd,33
axhttpd/1.5.3,33
web cache,33
RomPager/4.51 UPnP/1.0,33
lighttpd/1.4.28-devel-135:137M,33
SimpleHTTPWithUpload/0.1 Python/2.7.5,33
IST OIS,33
Contiki/2.4 http://www.sics.se/contiki/,33
beegoServer:1.12.0,33
Nexus/3.18.0-01 (OSS),33
CherryPy/8.6.0,33
MapbarServer,33
TR069 Agent,33
lighttpd/1.4.28-devel-171:172M,33
websocket-sharp/1.0,33
Streamer 21.10,33
gunicorn/19.8.1,33
Google Web,33
TornadoServer/4.4.2,33
WCY_WEBServer/1.0,33
lighttpd/1.4.54,33
Restlet-Framework/2.0.13,32
Werkzeug/0.14.1Python/3.7.3,32
netis/1.0.1,32
nginx-rc,32
MikrotikHttpProxy,32
Jetty(i-jetty 3.8),32
Apache/2.4.23 (Win32) OpenSSL/1.0.2h PHP/5.6.24,32
Resin/4.0.58,32
GlassFish Server Open Source Edition  4.1,32
nhttpd/3.4.0 (yhttpd_core/1.3.2),32
squid/4.13-VCS,32
Jetty(6.1.11),32
WSGIServer/0.1Python/2.7.12,32
SY8045,32
Sanechips-Webs,32
squid/2.7.STABLE9,32
RapidLogic/1.1,32
Docker/17.03.3-ce (linux),32
MoxaHttp/2.2,32
TOS/1.12.1,32
BlueServer/4.8.6.3,31
WebServer2,31
JAWS/1.0Mar172016,31
GNU rsp/1.0,31
PDR-Jseries,31
************,31
Tengine/2.3.0,31
Jetty/5.1.10 (Windows Server 2008 R2/6.1 amd64 java/1.6.0_31,31
NetData Embedded HTTP Server 20200416-1574-g011c015a6,31
Gnway Web Server,31
Web Switch,31
huohuo,31
Mini web server 1.0 CMIOT corp 2018.,31
nPerf/2.2.6 2021-05-08,31
NVR Web server,31
Httpd,31
IS2 Web Server 1.36,31
SimpleHTTP/0.6 Python/3.5.3,31
ulwsd/1.0.1-20140331,31
gSOAP/2.7,31
cwpsrv,31
Web Server/2.1.0 PeerSec-MatrixSSL/3.9.5-OPEN,31
lighttpd/1.4.61,31
Http Server,31
WMSServer/2.0.1.0,31
Microsoft-IIS/7.0,31
dcs-lig-httpd,31
uc-httpd 1.0.0,31
IceWarp/12.0.2.0 x64,31
thttpd/2.29 23May2018,31
contiki,31
Docker/18.09.4 (linux),31
DIR-825 web server/v1.00,31
Webs,31
Snorkel/02.03.00.04,30
nginx/1.19.4,30
WebServer/1.0.0,30
AstraSM,30
TwistedWeb/18.4.0,30
HFS 2.3 beta,30
RTK Web 0.9,30
Indy/10.0.52,30
Mbedthis-AppWeb/2.2.2,30
Mini web server 2.0 CDATA corp 2017.,30
iVMS-Web,30
Embedthis-Appweb/3.2.3,30
CPEFILEServer,30
BlueServer/5.1.0.4,30
WebSphere Application Server/6.1,30
AirDroid 2.0,29
Python/3.12 aiohttp/3.11.12,29
GeoHttpServer,29
HtNanoHttpd,29
thttpd/2.25b 29dec2003,29
mini_httpd/1.24 10May2016,29
RemObjects SDK for .NET HTTP Server/5.0,29
Apache/2.2.22 (Debian),29
WebSocket++/0.8.1,29
L7Engine,29
Linux/#33 SMP PREEMPT Mon Mar 21 11:19:42 CST 2022 UPnP/1.0 Broadcom UPNP/0.9,29
Seeyon-Server/1.0,29
ttyd/1.6.3(libwebsockets/4.3.2-20221001-705-gae12d2f77),29
mxhttpd/2.19-MX Jun 16 2020,29
Nexus/3.0.1-01 (OSS),28
Payara Server  5.2021.7 #badassfish,28
railway-edge,28
gSOAP/2.8,28
nginx/1.23.1,28
Apache/2.4.43 (Unix) OpenSSL/1.1.1g,28
Wintendo 1.3.3.7,28
Apache/2.4.12 (Win32) OpenSSL/1.0.1l PHP/5.6.8,28
Resin/3.1.12,28
Pepyaka,28
Tengine/2.2.3,28
Lighttpd,28
lighttpd/1.4.51,28
daphne,27
SDK 4.2.0.0 UPnP/1.0 MiniUPnPd/1.6,27
c01.sfy.nod,27
IdeaWebServer/0.83.415,27
Python/3.10 aiohttp/3.11.12,27
Python/3.11 aiohttp/3.9.5,27
A8000,27
Transmission,27
Apache 2.2,27
ZLMediaKit-5.0(build in Apr  8 2021 03:17:35),26
Router Webserver,26
UploadServer,26
uc-httpd1.0.0,26
hts_server,26
Resin/4.0.36,26
GoAhead-http,26
aruba-proxy,25
TornadoServer/4.3,25
Jetty(9.3.5.v20151012),25
Python/3.12 aiohttp/3.10.10,25
mini_httpd/1.19 19dec2003,24
Python/3.11 aiohttp/3.8.5,24
Docker/1.10.3 (linux),24
Apache/2.4.56 (Unix) OpenSSL/1.1.1t PHP/8.2.4 mod_perl/2.0.12 Perl/v5.34.1,24
Python/3.12 aiohttp/3.11.10,24
Apache/2.4.37 (Alibaba Cloud Linux) OpenSSL/1.1.1g mod_perl/2.0.11 Perl/v5.26.3,24
elb,23
ZXVEVMC01,23
WAF,23
Apache/2.4.63,22
nginx-upupw/1.8.0,22
nginx/1.19.2,22
Python/3.11 aiohttp/3.11.12,21
CLB/No-Cache,21
Python/3.11 aiohttp/3.11.11,21
Apache/2.4.7 (Ubuntu),21
nginx/1.16.0,20
nginx/0.7.64,20
nginx/1.10.2,19
tencent-cos,19
deno/gcp-us-west2,19
Apache/1,19
nginx/1.6.2,18
cloudflare-nginx,18
wts/1.7.4,17
nginx/1.25.0,17
Angie,17
Byte-nginx,17
Starxn/starxn.com,17
nginx-reuseport/1.13.4,17
Apache/2.4.6 (CentOS) OpenSSL/1.0.2k-fips PHP/7.4.33,17
Python/3.10 aiohttp/3.11.10,17
ddos-guard,16
Apache/2.4.63 (Ubuntu),16
nginx-more,16
Python/3.10 aiohttp/3.8.5,16
nginx/1.9.9,16
Sucuri/Cloudproxy,16
TornadoServer/4.4.1,16
nginx/1.17.10,16
nginx/1.21.4,15
nginx/1.17.6,15
Python/3.11 aiohttp/3.10.5,15
Python/3.10 aiohttp/3.11.8,15
Apache/2.4.62 (AlmaLinux) OpenSSL/3.2.2 mod_wsgi/4.7.1 Python/3.9,15
Apache/2.4.6 (CentOS) OpenSSL/1.0.2k-fips PHP/8.2.20,15
Python/3.12 aiohttp/3.10.5,15
Python/3.11 aiohttp/3.9.3,14
nginx/1.9.11,14
OpenBSD httpd,14
Apache/2.4.54 (Debian),14
Python/3.12 aiohttp/3.10.11,14
openresty/1.25.3.2,14
360 web server,14
Apache/2.4.62 (AlmaLinux) OpenSSL/3.2.2 mod_fcgid/2.3.9,14
nginx/1.18.0 + Phusion Passenger(R) 6.0.23,13
TornadoServer/4.2.1,13
american sitebuilder,13
nginx/1.13.3,13
Python/3.10 aiohttp/3.10.11,13
nginx-V-ddos,13
Python/3.10 aiohttp/3.9.3,12
PORTFOLIOBOX (www.portfoliobox.net),12
Apache/2.4.6 (CentOS) OpenSSL/1.0.2k-fips mod_fcgid/2.3.9 PHP/5.5.35 mod_python/3.5.0- Python/2.7.5,12
Apache/2.4.39 (Win64) OpenSSL/1.1.1b mod_fcgid/2.3.9a mod_log_rotate/1.02,12
XTweb-PROXY/0.16.1,12
nginx/1.0.15,11
Apache/2.4.6 (CentOS) OpenSSL/1.0.2k-fips PHP/5.4.16,11
Python/3.11 aiohttp/3.10.10,11
nginx/1.27.5,11
ylb,11
F-WEB,11
nginx/1.4.6 (Ubuntu),11
KazaaClient,11
lighttpd/1.4.59,11
nginx/1.17.10 (Ubuntu),11
nginx/1.19.6,11
nginx/1.19.3,11
noindex,10
APISIX/2.10.0,10
marco/3.2,10
Apache/2.4.57 (Debian),10
rushhour,10
Python/3.11 aiohttp/3.11.10,10
nginx/1.21.1,10
Debian/4.0 UPnP/1.0 miniupnpd/1.0,10
TencentEdgeOne,10
website-pro/9.1.3,10
WSGIServer/0.2 CPython/3.12.3,9
thttpd/2.23beta1 26may2002,9
volt-adc,9
Apache/2.4.61 (Debian),9
Python/3.12 aiohttp/3.11.9,9
Python/3.11 aiohttp/3.10.9,9
Python/3.10 aiohttp/3.8.6,9
WSGIServer/0.2 CPython/3.8.10,9
nginx/1.19.10,9
nginx/1.15.8,9
ipos/7.0 UPnP/1.0 TL-WR941N/2.0,9
UOS,9
TornadoServer/6.0.1,8
WSGIServer/0.2 CPython/3.11.6,8
Jetty(9.4.26.v20200117),8
TornadoServer/5.0.1,8
Microsoft WinCE Fidelix v11.50.29,8
nginx/1.16.1 (Ubuntu),8
Apache/2.4,8
nginx/1.15.11,8
Python/3.10 aiohttp/3.10.0,8
Apache/2.4.62 (Ubuntu),8
Apache/2.4.58 (Win64) OpenSSL/3.1.3 PHP/8.2.12,8
CW,8
ESF,8
nginx-reuseport/1.21.1,8
Apache/2.4.55 () OpenSSL/1.0.2k-fips PHP/7.4.33,8
rchttpd/1.0,7
WPX CLOUD/MSK01,7
TwistedWeb/16.4.0,7
Microsoft-IIS/9.0,7
Essentia/2.1,7
bohannas,7
mod_security/1.71,7
QiAnXin web server,7
my-server,7
Ubuntu/precise UPnP/1.0 MiniUPnPd/1.4,7
"Linux-i386-2.6.33.2, UPnP/1.0, PMS/1.21.1",7
Python/3.11 aiohttp/3.10.11,7
openresty/1.21.4.2,7
nginx/1.17.8,7
ISOS/9.0 UPnP/1.0 Conexant-EmWeb/R6_1_0,7
Apache/2.4.6 (CloudLinux) OpenSSL/1.0.2k-fips mod_fcgid/2.3.9 Phusion_Passenger/6.0.20,7
Apache/2.4.62 (Unix) OpenSSL/1.1.1k,7
Apache/2.4.62 (AlmaLinux) OpenSSL/3.2.2,7
Python/3.11 aiohttp/3.11.8,7
Microplex emHTTPD/1.0,7
Apache/2.4.6 (CentOS) OpenSSL/1.0.2k-fips PHP/5.6.40,6
wts/1.7.0,6
Linux Mips 2.4.20 UPnP/1.0 MiniUPnPd/1.2,6
nginx + Phusion Passenger(R) 6.0.23,6
BlueCoat-Security-Appliance,6
nginx/1.17.4,6
NetApp//8.1RC2,6
openresty/1.21.4.4,6
Python/3.12 aiohttp/3.11.6,6
Agranat-EmWeb/R5_1_2,6
Apache/2.4.62 (Amazon Linux) OpenSSL/3.0.8,6
BBC 06.00.083; ovbbccb 06.00.083,6
apache,6
FedoraCore/6 UPnP/1.0 miniupnpd/1.0,6
ipos/7.0 UPnP/1.0 TL-WR841N/8.0,6
volcclb,6
DrayTek/Vigor2130 UPnP/1.0 miniupnpd/1.0,6
"Windows_7-x86-6.1, UPnP/1.0, PMS/1.20",6
Apache/2.4.59 (Raspbian),6
IPL/2.2,6
Resin/1,6
Python/3.10 aiohttp/3.9.1,6
WebLogic WebLogic Server 6.1 SP4  11/08/2002 21:50:43 #221641,6
AliyunOSS,6
Mbedthis-Appweb/2.4.0,6
nginx/1.8.1,6
Apache/2.4.37 (centos) OpenSSL/1.1.1k,6
nginx/1.6.3 + Phusion Passenger 5.0.6,6
Apache/2.4.55 (Win64) OpenSSL/1.1.1s mod_fcgid/2.3.9a,6
Python/3.10 aiohttp/3.10.1,6
VCS-VIDOS-NVR,6
WSGIServer/0.2 CPython/3.11.9,6
2wire Gateway,5
TwistedWeb/16.5.0rc2,5
Embedthis-http,5
Fly/fd243e55f (2025-02-20),5
nginx/1.15.3,5
SentinelKeysServer/1,5
Oracle HTTP Server Powered by Apache/1.3.12 (Unix) ApacheJServ/1.1 mod_ssl/2.6.4 OpenSSL/0.9.5a,5
Sun-Java-System/Application-Server,5
Python/3.11 aiohttp/3.11.9,5
GFE/1,5
Allegro-Software-RomPager,5
QTSS/5.0.3.3 (Build/452.22.4; Platform/MacOSX; Release/Panther; Update/Security; ),5
JetAdmin,5
nginx/1.15.5,5
Fly/fbf74ca1c (2024-12-13),5
SimpleHTTP/0.6 Python/3.10.12,5
CompaqHTTPServer/9.9 HP System Management Homepage,5
PWS,5
IBM_HTTP_SERVER/1.3.28.1-PK16139  Apache/1.3.28 (Unix),5
fnord,5
Apache/2.4.54 (Unix) OpenSSL/1.1.1s PHP/7.4.33 mod_perl/2.0.12 Perl/v5.34.1,5
Microsoft-IIS,5
Lotus-Domino/Release,5
WebLogic Server 7.0 SP4 Tue Aug 12 11:22:26 PDT 2003,5
gunicorn/19.7.1,5
77yyds,5
APISIX,5
Apache/2.4.58 (Linux/SUSE),5
website-pro/9.1.6,5
AV-TECH AV787 Video Web Server,5
Zyxel,5
"Oracle-Application-Server-10g/10.1.2.2.0 Oracle-HTTP-Server OracleAS-Web-Cache-10g/10.1.2.2.0 (N;ecid=153541209221,0)",5
enterpriseweb,5
nginx/1.15.9 (Ubuntu),5
Rapid Logic/1,5
UPS_Server/1,5
nginx/1.9.12,5
EWS-NIC3/6.31,5
kangle/3.5,5
nginx/1.17.3,5
"Linux/2.6.32-220.7.1.el6.x86_64, UPnP/1.0, Portable SDK for UPnP devices/1.6.14",5
nginx-n.wtf/1.23.0,5
apachejserv/1.0.1,5
PHP/4.0.5,5
frontpage,5
OpenResty Edge,5
Apache/2.4.58 (Unix),5
ATPhttpd,5
Amazon SimpleDB,5
APISIX/3.2.0,5
Stronghold/3.0 Apache/1.3.19 RedHat/3014c,5
vqserver,4
thttpd/2.20b,4
netcloak,4
Jetty/4.2.23 (SunOS/5.9 sparc java/1.4.2_04),4
Fly/6dbc66600 (2025-03-04),4
Linux/2.6.36+ DLNADOC/1.50 UPnP/1.0 MiniDLNA/1.0,4
nginx/1.19.0,4
GoFrame HTTP Server,4
Fly/c119e7cff (2025-03-13),4
WSGIServer/0.2 CPython/3.11.11,4
"Windows_7-x86-6.1, UPnP/1.0, PMS/1.72.0",4
CompaqHTTPServer/9.9 HP System Management Homepage/2.1.5.146,4
Agranat-EMWeb,4
Framer/00c4d89,4
Apache Tomcat/4.1.27-LE-jdk14 (HTTP/1.1 Connector),4
Apache/2.4.41 (FreeBSD) OpenSSL/1.0.2u mod_fcgid/2.3.9,4
Apache/2.4.56 (Raspbian),4
Apache/2.4.56 (Unix),4
Netscape-Enterprise/3.5.1,4
squid/4.4,4
Apache/2.2.4 (Win32) PHP/5.2.3,4
Avirt,4
Cobalt,4
Blazix/1.2.1,4
blogcdn.net,4
Apache/2.4.62 (Unix) OpenSSL/3.0.9,4
Apache/2.4.62 (Fedora Linux) OpenSSL/3.2.2 mod_qos/11.74 mod_perl/2.0.13 Perl/v5.38.2,4
"Linux/2.6.28.1-xxxx-std-ipv4-32, UPnP/1.0, Portable SDK for UPnP devices/1.4.3",4
NET-DK/1.0,4
Ubuntu/7.10 UPnP/1.0 miniupnpd/1.0,4
netpresenz,4
JC-HTTPD/1.11.14,4
Apache/2.4.6,4
Apache/2.4.53 (cPanel) OpenSSL/1.1.1n mod_bwlimited/1.4,4
Apache/2.2.34 (Unix) mod_ssl/2.2.34 OpenSSL/1.0.2k DAV/2,4
Python/3.12 aiohttp/3.9.5,4
cisco-IOS/12.1 HTTP-server/1.0(1),4
WEBrick/1.3.1 (Ruby/1.9.3/2013-02-22),4
nginx/1.19.5,4
Fly/dcbfc673f (2025-03-07),4
PHP/4.0.3,4
Unknown/0.0 UPnP/1.0 Conexant-EmWeb/R6_1_0,4
Apache/2.4.37 (centos) OpenSSL/1.1.1c,4
NetCache appliance (NetApp/6.0.4),4
QPWAFInner,4
nginx/1.19.7,4
NSC/0.6.4 (JVM),4
Apache/2.4.59 (Fedora Linux) OpenSSL/3.2.1,4
Apache/2.4.52 (Unix) OpenSSL/1.1.1n,4
Python/3.10 aiohttp/3.11.2,4
PHP/5.3.14 ZendServer/5.0,4
Varnish-Cache,4
myCIO,4
Python/3.10 aiohttp/3.10.9,4
Python/3.10 aiohttp/3.11.16,4
Security Console,4
IBM_HTTP_Server/6.1 Apache/2.0.47 (Win32) PHP/5.1.1,4
"Windows_7-x86-6.1, UPnP/1.0, PMS/1.50.1",4
Apache/2.4.6 () OpenSSL/1.0.2k-fips,4
Apache/2.4.62 (),4
Apache/2.4.62 (Unix) OpenSSL/3.4.1 mod_fcgid/2.3.9,4
cagw,4
APISIX/3.6.0,4
uuWAF,4
ASP.NET,4
kong/3.8.0,4
ECO-WebServer,4
Apache/2.4.62 (Unix) OpenSSL/3.4.0,4
HTTP/Server,4
Python/3.11 aiohttp/3.11.7,4
Apache/2.4.57 (codeit) OpenSSL/3.0.10+quic mod_perl/2.0.11 Perl/v5.16.3,4
Python/3.11 aiohttp/3.10.3,4
os2httpd,4
YDWS,4
NULLhttpd/0.5.1,4
TwistedWeb/2.5.0,4
Amazon-Cloud-Drive,4
WebLogic Server 8.1 SP3 Tue Jun 29 23:11:19 PDT 2004 404973,4
hellbent java webserver v0.1,4
mt-daapd/0.2.4.1,4
nginx-n.wtf/1.27.2,4
Fly/d5165e6e2 (2024-12-18),4
IBM_HTTP_Server/1.3.12 Apache/1.3.12 (Unix),4
PHP/7.1,4
nginx/1.13.6,4
Fly/a3675627f (2025-04-16),4
SmoothWall Express/3.0 UPnP/1.0 miniupnpd/1.0,4
ipos/7.0 UPnP/1.0 TL-WR740N/1.0/2.0,4
Python/3.10 aiohttp/3.10.3,4
snow_adc,4
ChaiServer,4
SentinelKeysServer/1.0,4
alibaba,4
"Linux/2.6.32-279.1.1.el6.x86_64, UPnP/1.0, Portable SDK for UPnP devices/1.6.13",4
Squid/2.3.STABLE1,4
Netscape-Enterprise/6.0,4
Allegro-Software-RomPager/4.30b3,4
Jetty/5.1.10 (Linux/2.6.12 i386 java/1.5.0_05),4
Intel(R) Active Management Technology,4
Intel(R) Standard Manageability 9.0.3,4
Apache/2.4.46 (Ubuntu),4
phttpd,4
Apache/2.4.39 (Unix) OpenSSL/1.1.1b,4
WSGIServer/0.2 CPython/3.9.21,4
CouchDB/2.1.1 (Erlang OTP/20),4
NetCache appliance (NetApp/5.3.1R3),4
nginx/1.23.0,4
Pi3Web/2.0,4
CompaqHTTPServer,4
Monkey/0.6.2,4
Sun Java System Application Server Platform Edition 9.0_01,4
Payara Server  5.2022.5 #badassfish,4
WSGIServer/0.2 CPython/3.8.6,3
LiteSpeed/5.2.8 Enterprise,3
FreeBSD/8.2-RELEASE-p4 DLNADOC/1.50 UPnP/1.0 MiniDLNA/1.0.24,3
Microsoft-WinCE/4.20,3
Ipswitch-IMail/7.07,3
WindRiver-WebServer/4.4,3
commerce-builder,3
Apache/2.4.34 (Red Hat),3
Apache/2.4.62 (CentOS),3
Tomcat Web Server/3.2.2 (JSP 1.1; Servlet 2.2; Java 1.3.1; Windows 2000 5.0 x86; java.vendor=Sun Microsystems Inc.),3
Agranat-EmWeb/R5_2_6,3
"Linux-amd64-2.6.18-238.9.1.el5, UPnP/1.0, PMS/1.52.1",3
Lotus,3
Microsoft-WinCE/4.10,3
IPG8000,3
Boa/0.94.14rc18-ipcam,3
Apache/2.4.37 (Red Hat Enterprise Linux) OpenSSL/1.1.1k,3
dwhttpd,3
"Linux/2.6.28-11-server, UPnP/1.0, Portable SDK for UPnP devices/1.6.6",3
SimpleHTTP/0.6 Python/3.11.2,3
Jetty(10.0.13),3
WSGIServer/0.2 CPython/3.11.4,3
Apache/2.4.52 (Debian),3
WSGIServer/0.2 CPython/3.11.10,3
WSGIServer/0.2 CPython/3.9.19,3
Fly/be638e99b (2025-03-12),3
Apache/2.4.37 (CloudLinux) OpenSSL/1.1.1k,3
BIG-IP,3
HeiTel GmbH Web Server [V1.15/V1.14/V1.3],3
ArvanCloud,3
Sun-Java-System-Web-Proxy-Server/4.0,3
ADAS/1.0.201,3
SimpleHTTP/0.6 Python/3.4.0,3
SentinelProtectionServer/7.3,3
Linux UPnP/1.0 Sonos/47.2-59120 (ZPS3),3
Microsoft-WinCE/5.0,3
Oracle Application Server Containers for J2EE 10g (9.0.4.0.0),3
Tomcat/2.1,3
NetApp/7.3.4P1,3
"Windows_7-x86-6.1, UPnP/1.0, PMS/1.70.1",3
AkiLight CDN,3
Apache/2.4.37 (Alibaba Cloud Linux) OpenSSL/1.1.1k mod_perl/2.0.12 Perl/v5.26.3,3
Apache/2.4.59 (cPanel) OpenSSL/1.1.1w mod_bwlimited/1.4 PHP/5.6.40,3
Apache/2.4.59,3
Apache/2.4.37 (AlmaLinux) OpenSSL/1.1.1k,3
Apache/2.4.6 (Red Hat Enterprise Linux) OpenSSL/1.0.2k-fips mod_fcgid/2.3.9 PHP/5.6.34,3
Virata-EmWeb/R5_3_0,3
Boa/0.92p OS-9 Version,3
$ProjectRevision: 4.0.2.38 $,3
SimpleHTTP/0.6 Python/3.12.8,3
nginx/1.19.8,3
QRATOR,3
IBM_HTTP_Server/2.0.42.2-PK25355 Apache/2.0.47 (Unix) DAV/2,3
TornadoServer/5.0,3
nginx/1.15.7,3
"Windows_7-x86-6.1, UPnP/1.0, PMS/1.10.51",3
Apache/2.4.29,3
nginx/1.12.0,3
Python/3.12 aiohttp/3.10.9,3
Apache/2.4.62 (Fedora Linux) OpenSSL/3.2.2,3
Python/3.10 aiohttp/3.11.9,3
Apache/2.4.10,3
openresty/1.21.4.3,3
CompaqHTTPServer/4.1,3
cpsrvd/11.44.3.0,3
TornadoServer/4.2,3
"Windows_7-x86-6.1, UPnP/1.0, PMS/1.71.0",3
Lotus-Domino/5.0.8,3
IBM_HTTP_Server/2.0.47.1 Apache/2.0.47 (Unix) DAV/2 PHP/4.3.8,3
PHP/4.4.2-1build1,3
HeiTel GmbH Web Server [V1.26/V1.15/V1.7],3
eHTTP v2.0,3
kHTTPd 0.1.6,3
IPCamera Login,3
"Windows_7-x86-6.1, UPnP/1.0, PMS/1.40.0",3
Linux UPnP/1.0 Sonos/36.4-41270 (WD100),3
Python/3.12 aiohttp/3.11.7,3
Fly/f1a3a3ab (2025-02-26),3
plexus,3
splendid,3
MyWebServer/1.01,3
IBM_HTTP_Server/7.0.0.9 (Unix),3
Debian/wheezy/sid UPnP/1.1 MiniUPnPd/1.8,3
OpenTV/5.40,3
cl-http,3
"Linux, UPnP/1.0, Intel SDK for UPnP devices /1.2",3
ZGS,3
HTTPd,3
HP-ChaiServer/2.2,3
Netgear/1.0 UPnP/1.0 miniupnpd/1.0,3
Swift-Engines 24.06.2,3
Microsoft-IIS/5.0,3
volcalb,3
Apache/2.4.54 (Win64) OpenSSL/1.1.1p mod_fcgid/2.3.9a,3
ipos/7.0 UPnP/1.0 TL-WR841N/6.0/7.0,3
nginx/1.21.0,3
thttpd/2.04 10aug98,3
mini_httpd/1.14 23jun2000,3
IBM_HTTP_Server/6.0.2 Apache/2.0.47 (Unix),3
IBM_HTTP_SERVER/1.3.19.2  Apache/1.3.20 (Win32),3
EWS-NIC4/13.39,3
chainpoint-node,3
Lasso/3.6.5,3
HP Web Jetadmin 10.3.91358 (10.3 SR5),3
SLT-MID,3
CherryPy/18.5.0,3
Apache/2.4.6 (CentOS) OpenSSL/1.0.2k-fips,3
Jetty/5.1.4 (Windows Server 2008 R2/6.1 x86 java/1.5.0_22,3
Lego Server,3
"Linux/2.6.32-24-generic, UPnP/1.0, Portable SDK for UPnP devices/1.6.6",3
Savant/3.1,3
IBM_HTTP_Server/2.0.47.1-PK01070 Apache/2.0.47 (Win32) PHP/5.0.4,3
"Linux/2.6.12-5.1-brcmstb-dm800, UPnP/1.0, Portable SDK for UPnP devices/1.6.0",3
www.pantd.com,3
Ubuntu/9.04 UPnP/1.0 miniupnpd/1.0,3
Apache Tomcat/4.1.10,3
Acme.Serve/v1.7 of 13nov96,3
Jetty(7.6.9.v20130131),3
Sun-Java-System-Web-Proxy-Server/4.0.2,3
JavaWebServer,3
BSrapture,3
Apache/2.4.57 (Rocky Linux) OpenSSL/3.0.7,3
DomaiNesia,3
Web-Server/3.0,3
Jetty/4.2.x (VxWorks/WIND version 2.9 ppc java/1.1-rr-std-b12),3
Apache Tomcat,3
mwm.moe,3
APISIX/3.2.2,3
Microplex emHTTPD/1.1,3
Linux/2.4.21 UPnP/1.0 miniupnpd/1.0,3
Linux/Cross_compiled UPnP/1.0 miniupnpd/1.0,3
NetCache appliance (NetApp/5.4R2D2),3
Helix Server Version 9.0.4.960 (linux-2.2-libc6-i586-server) (RealServer compatible),3
Apache/2.4.58 (Unix) OpenSSL/1.1.1w PHP/8.2.12 mod_perl/2.0.12 Perl/v5.34.1,3
Apache/2.4.51,3
Oracle9iAS/9.0.3.1 Oracle HTTP Server Oracle9iAS-Web-Cache/9.0.3.1.0 (N),3
Apache (custom),3
Apache/2.4.41 (FreeBSD) OpenSSL/1.0.2s mod_fcgid/2.3.9,3
"Linux/2.6.12.6-arm1-040, UPnP/1.0, Portable SDK for UPnP devices/1.6.5.2",3
Allegro-Software-RomPager/ 2.10,3
Apache/2.4.57 (Unix) OpenSSL/1.0.2k-fips,3
APISIX/2.15.3,3
open-market-secure-webserver,3
Ubuntu/xenial UPnP/1.0 MiniUPnPd/1.4,3
HP Web Jetadmin 10.3.85669,3
Ultraseek,3
Apache/1.2.42 (PalmOS),3
Sophos Email Appliance,3
OpenVPN-AS,3
Apache/2.4.46 (Unix) OpenSSL/1.1.1d PHP/7.4.29,3
cargo-router,3
Oracle-Application-Server-10g/9.0.4.1.0 Oracle-HTTP-Server,3
"Linux/2.6.32-279.14.1.el6.x86_64, UPnP/1.0, Portable SDK for UPnP devices/1.6.15",3
Sun-Java-System-Web-Server/7.0,3
Angie/1.7.0,3
AMT,3
Apache/2.4.6 (CentOS) OpenSSL/1.0.2k-fips mod_wsgi/4.7.1 Python/3.4,3
neowebscript,3
Mongrel 1.1.5,3
IBM_HTTP_Server/6.0 Apache/2.0.47 (Unix) DAV/2,3
Brickserver Modifications,3
IBM HTTP Server/V5R3M0,3
thin 1 codename Flaming Astroboy,3
SimpleHTTP/0.6 Python/3.12.3,3
WSGIServer/0.2 CPython/3.12.2,3
Fly/a3e18ae92 (2025-01-16),3
Apache/2.4.62 (Unix) OpenSSL/1.1.1zb PHP/8.1.30,2
sfcHttpd,2
BunnyCDN-LA1-1108,2
ZimafardaCDN,2
WSGIServer/0.2 CPython/3.8.18,2
SimpleHTTP/0.6 Python/3.9.2,2
Servlet 2.4; JBoss-4.0.4.GA (build: CVSTag=JBoss_4_0_4_GA date=200605151000)/Tomcat-5.5,2
Angie/1.8.1,2
Rocket,2
WSGIServer/0.2 CPython/3.10.16,2
WSGIServer/0.2 CPython/3.10.12,2
Python/3.11 aiohttp/3.10.6,2
Apache/2.4.54 (Unix) OpenSSL/1.0.2u PHP/7.4.33 mod_wsgi/3.5 Python/2.7.18 mod_fastcgi/mod_fastcgi-SNAP-0910052141 mod_perl/2.0.11 Perl/v5.30.1,2
Apache/2.4.62 (CentOS Stream) OpenSSL/3.2.2,2
HarmonyOS10.0,2
Apache 2.x,2
Pyxsoft Pxshield,2
nginx/1.0.11,2
Apache/2.4.51 (Unix) OpenSSL/1.1.1d SVN/1.14.1 Phusion_Passenger/6.0.12 mod_perl/2.0.11 Perl/v5.28.1,2
Cantor,2
gosite,2
WSGIServer/0.2 CPython/3.9.20,2
WSGIServer/0.2 CPython/3.12.4,2
SimpleHTTP/0.6 Python/3.11.9,2
gunicorn/20.0.0,2
Apache/2.4.62 (FreeBSD) OpenSSL/1.1.1w-freebsd PHP/8.2.20,2
ncsa,2
Servlet/3.0; JBossAS-6,2
Unknown/0.0 UPnP/1.0 Virata-EmWeb/R6_1_0,2
Microsoft-PWS/4.0,2
"Linux/2.6.13, UPnP/1.0, Portable SDK for UPnP devices/1.6.0",2
EHTTP/1.1,2
eth.limo,2
SCDN-SU,2
thttpd/2.21b PHP/20030920,2
cbrgw,2
SCDN-SERVER,2
nginx/1.13.1,2
cn-micc-nginx,2
Helix Server Version 9.0.4.960 (win32) (RealServer compatible),2
Apache/2.4.57 (FreeBSD) OpenSSL/1.0.2u mod_fcgid/2.3.9,2
Apache/2.4.46 (Fedora) OpenSSL/1.1.1i mod_perl/2.0.11 Perl/v5.32.0,2
"5.2.3790 2/Service Pack 1, UPnP/1.0, TVersity Media Server",2
Servlet 2.4; Tomcat-5.0.28/JBoss-4.0.1sp1 (build: CVSTag=JBoss_4_0_1_SP1 date=200502160314),2
IIS,2
Apache/2.4.18,2
WowzaStreamingEngine/4.8.17+1,2
DeleGate/7.7.0,2
CompaqHTTPServer/9.9 HP System Management Homepage/3.0.1.73 httpd/2.2.6+,2
Apache/2.4.33 (Linux/SUSE),2
Tengine/3.0.0,2
nginx/1.8.0,2
UD Webspace 3.1,2
Apache/2.4.37 (AlmaLinux) OpenSSL/1.1.1k mod_fcgid/2.3.9,2
BLB/23.08.0.7,2
Python/3.11 aiohttp/3.9.1,2
Python/3.8 aiohttp/3.10.5,2
Python/3.10 aiohttp/3.10.6,2
Python/3.12 aiohttp/3.10.2,2
My Very Own Server,2
JRun/3.1,2
RouterOS/6.43UPnP/1.0 MikroTik UPnP/1.0,2
Linux/2.6.23.17_stm23_0125dorade00 UPnP/1.0 DLNADOC/1.50 Portable SDK for UPnP devices/1.4.6-5,2
Virata-EmWeb/R6_2_0,2
Oracle HTTP Server Powered by Apache/1.3.19 (Win32) mod_ssl/2.8.1 OpenSSL/0.9.5a mod_fastcgi/2.2.10 mod_oprocmgr/1.0 mod_perl/1.25,2
Python/3.11 aiohttp/3.11.16,2
BBC 2.6.0.7; com.hp.openview.bbc.LLBServer 2.6.0.7,2
mini_httpd/1 23jun2000,2
NetCache appliance (NetApp/6.0.2P1),2
CherryPy/3.1.2,2
Intel(R) Active Management Technology 7.1.86,2
squid/3.2.9-BZR,2
Avaya CMBE/2.0.0,2
SonicWALL SSLVPN Web Server,2
nginx/1.20.0,2
Apache/2.4.25,2
Apache/2.4.52 (Unix) OpenSSL/1.1.1d,2
Mylo/0.2.0,2
Ipswitch-IMail/8.05,2
Apache/2.4.51 (Unix) OpenSSL/1.1.1d,2
Apache/2.4.54 (Raspbian),2
NS_6.1,2
rums/b,2
Apache/2.4.54,2
Fly/60c773e9c (2025-04-01),2
rustle,2
"Darwin/10.2.0, UPnP/1.0, Portable SDK for UPnP devices/1.6.6",2
openresty/1.25.3.2 by zdxl@cetcisx.com,2
openresty/1.21.4.3 by zhuyanchao@cetcwl.com,2
ipos/7.0 UPnP/1.0 TL-WR740N/4.0,2
IBM_HTTP_SERVER,2
"Linux/2.6.32-279.14.1.el6.x86_64, UPnP/1.0, Portable SDK for UPnP devices/1.6.14",2
QTSS/6.1.0 (Build/532; Platform/MacOSX; Release/Mac OS X Server; ),2
nginx + Phusion Passenger,2
Apache/2.4.6 () OpenSSL/1.0.2k-fips PHP/8.1.29,2
APISIX/3.5.0,2
Fly/db4623a08 (2025-04-04),2
"Linux/2.4.18_mvl30-ixdp425, UPnP/1.0, Intel SDK for UPnP devices/1.3.1",2
Resin/2.1.s030827,2
SentinelKeysServer/1.3.1,2
OmniHTTPd,2
Cisco AWARE 2.0,2
com.hp.openview.Coda 0.0.1,2
ClassIn-Web,2
CloudWAF,2
nginx/1.18.0 + Phusion Passenger(R) 6.0.15,2
Fly/1ec282e18 (2025-01-23),2
CompaqHTTPServer/9.9 HP System Management Homepage/6.0.0.96 httpd/2.2.6+,2
Werkzeug/3.1.3 Python/3.12.9,2
Python/3.12 aiohttp/3.11.8,2
nginx/1.15.1,2
"Linux/2.6.28, UPnP/1.0, Portable SDK for UPnP devices/1.6.10",2
synology,2
nginx/1.11.1,2
Werkzeug/2.2.2 Python/3.8.10,2
Framer/e6d6447,2
Apache/2.2.21/web20,2
jfe,2
"UPnP/1.0, DLNADOC/1.50, Platinum/0.5.1",2
Oracle HTTP Server Powered by Apache/1.3.19 (Unix) mod_plsql/3.0.9.8.3b PHP/4.3.10 mod_fastcgi/2.2.10 mod_perl/1.25 mod_oprocmgr/1.0,2
OpenWRT/kamikaze UPnP/1.0 MiniUPnPd/1.2,2
process,2
"Windows_7-x86-6.1, UPnP/1.0, PMS/1.52.0",2
cxedge,2
“GLaDOS”,2
Unbekannt,2
Apache/2.4.51 (Unix) OpenSSL/1.1.1n,2
RapidLogic,2
allegro-software,2
Virata-EmWeb/R6_1_0,2
Serv-U/15.1.6.31,2
Apache/2.4.6 (CentOS) OpenSSL/1.0.2k-fips PHP/5.4.16 mod_perl/2.0.11 Perl/v5.16.3,2
Jetty(9.4.54.v20240208),2
Jetty(8.1.10.v20130312),2
Apache/2.0.43,2
nginx/1.1.19,2
Apache/2.2.16 (Debian),2
Computers,2
Apache/2.4.41 (Unix),2
WowzaStreamingEngine/4.7.7,2
Linux/2.6.29.6-217.2.3.fc11.i686.PAE UPnP/1.0 miniupnpd/1.0,2
NetCache appliance (NetApp/5.6.1D22),2
Oracle9iAS/9.0.2.3.0 Oracle HTTP Server Oracle9iAS-Web-Cache/9.0.2.3.0 (N),2
Ubuntu/saucy UPnP/1.0 MiniUPnPd/1.4,2
lighttpd/1.4.77,2
Tengine/2.0.0,2
powerweb,2
nginx/0.8.53 + Phusion Passenger 3.0.0 (mod_rails/mod_rack),2
Microsoft-IIS/4.0,2
BBC 2.6.0.7; com.hp.openview.Coda 0.0.1,2
Abyss/2.14-X1-Win32 AbyssLib/2.14,2
Ubuntu/yakkety UPnP/1.0 MiniUPnPd/1.4,2
Jino.ru/mod_pizza,2
Infinytum Gate,2
nginx/1.17.5,2
KS3,2
LilHTTP/2.1,2
support@arraynetworks.net,2
Apache/0.6.5,2
Apache/2.2.15 (CentOS),2
quarxConnect.de HTTPd,2
Fly/bce90e867 (2025-03-28),2
Python/3.11 aiohttp/3.11.0,2
faysal,2
Fly/eb1a25638 (2025-02-13),2
nginx/1.21.3.1 WhiteHorse,2
"Windows_XP-amd64-5.2, UPnP/1.0, PMS/1.54.0",2
nginx/1.11.5,2
unknown,2
BBC 05.20.050; coda 10.00.123,2
"Windows_7-x86-6.1, UPnP/1.0, PMS/1.22.0",2
SentinelProtectionServer/7.0,2
thin 1.2.4 codename Flaming Astroboy,2
Xitami,2
Apache Tomcat/4.1.12 (HTTP/1.1 Connector),2
Python/3.13 aiohttp/3.11.13,2
Apache/2.4.62 (cPanel) OpenSSL/1.1.1w mod_bwlimited/1.4,2
Apache/2.4.54 (Win64) OpenSSL/1.1.1p PHP/8.1.10,2
Framer/854d0ea,2
Apache/2.4.54 (Win64) OpenSSL/1.1.1p PHP/7.4.33,2
LinQhost HPW,2
Apache/2.4.63 (cPanel) OpenSSL/1.1.1w mod_bwlimited/1.4,2
emwac,2
Sun-ONE-Web-Proxy-Server/3.6-SP4,2
Gordian Embedded,2
Avaya CMBE/2,2
Embedded HTTP Server,2
APACHE/1.3.9,2
QTSS/5.0 (Build/452; Platform/MacOSX; Release/Panther; ),2
BBC 11.00.044; ovbbcrcp 11.00.044,2
Mbedthis-AppWeb/2.4.0,2
Apache mod_bwlimited/1.4 Phusion_Passenger/6.0.23,2
Abyss/2.0.0.20-X1-Win32 AbyssLib/2.0.0.20,2
HPSMH,2
Stronghold/4.0 Apache/1.3.22 (Unix) mod_ssl/2.8.7 OpenSSL/0.9.6c mod_perl/1.26,2
nginx/1.4.7,2
lighttpd/1.4.74,2
Apache/2.4.63 (Unix) OpenSSL/3.4.1 PHP/8.4.4,2
"6.2.8400 2/, UPnP/1.0, TVersity Media Server",2
openresty/1.27.1.2,2
mt-daapd/svn-999,2
bkhttp/0.3,2
Microplex emHTTPD/1,2
thttpd/2.19-MX Jan 24 2006,2
Apache/2.4.54 (Ubuntu),2
OC(1.0),2
Apache/2.4.6 (CentOS) OpenSSL/1.0.2k-fips PHP/8.0.30,2
avenida,2
Apache-AdvancedExtranetServer/2.0.48 (Mandrake Linux/6mdk) PHP/4.3.4,2
IBM-HTTP-Server/1.0,2
"Raptor Simple, Secure Web Server 1.0",2
"Windows_7-x86-6.1, UPnP/1.0, PMS/1.25.1",2
Ubuntu/natty UPnP/1.0 MiniUPnPd/1.4,2
EnergyICT RTU 101-F25CE1-1524,2
Ubuntu/utopic UPnP/1.0 MiniUPnPd/1.4,2
TWS,2
Fly/01acac8f2 (2025-02-24),2
httpd/3000,2
Apache/2.2.26 (Unix) DAV/2 mod_ssl/2.2.26 OpenSSL/0.9.8y,2
Apache/2.4.6 (CentOS) OpenSSL/1.0.2k-fips PHP/5.6.38,2
Carbonmade,2
Proximus,2
Python/3.9 aiohttp/3.11.11,2
gunicorn/19.10.0,2
JSP3/2.0.14,2
Python/3.9 aiohttp/3.11.7,2
Youcan.Private.DC/2.0,2
gamma,2
"Linux/2.4.20-46.7asp, UPnP/1.0, Portable SDK for UPnP devices/1.6.17",2
"MS .NET Remoting, MS .NET CLR 2.0.50727.42",2
aolserver,2
Debian/4.0r8 DLNADOC/1.50 UPnP/1.0 MiniDLNA/1.0,2
Jetty(6.1.12.rc2),2
Synology/DSM/192.168.1.100,2
goserve,2
Apache/2.4.56 (Win64) OpenSSL/3.0.8 mod_fcgid/2.3.9a mod_log_rotate/1.02,2
Apache/2.4.59 (Unix) OpenSSL/3.3.0 PHP/8.3.7,2
Werkzeug/2.3.6 Python/3.10.12,2
Apache/2.4.46 (FreeBSD) OpenSSL/1.1.1h-freebsd PHP/7.4.16,2
lighttpd/1.3.7 (Mar 23 2007/16:00:15),2
Python/3.11 aiohttp/3.9.0,2
Sun-ILOM-Web-Server/1.0,2
SentinelProtectionServer/7.1,2
Aspen/0.8,2
Linux UPnP/1.0 Sonos/47.2-59120 (BR100),2
ipos/7.0 UPnP/1.0 TL-WR741N/1.0/2.0,2
WebSphere Application Server/5.0,2
UPS_Server/1.0,2
Apache Tomcat/4.0.3,2
aserve,2
Apache/2.2.4 (Win32) PHP/5.2.2,2
Apache/2.4.37 (Debian),2
Cleo Harmony/5.7.0.8 (Linux),2
at your service,2
Apache/2.4.37 (Unix) OpenSSL/1.0.2k PHP/7.2.12,2
UD Forwarding 3.1,2
Apache/2.4.57 (Ubuntu),2
Apache/2.4.51 (Debian),2
MU-TH-UR 182 model 2.1 terabyte AI Mainframe,2
Apache/2.4.6 () OpenSSL/1.0.2k-fips PHP/7.3.33,2
openresty/1.13.6.1,2
Lotus Expeditor Web Container/6,2
4D_WebSTAR_S/5.102.1,2
nginx/1.17.7,2
AirTunes/220.68,2
"Oracle Application Server/10g (10.1.2) Apache/1.3.34 (Unix) mod_perl/1.29 mod_jk/1.2.14 OracleAS-Web-Cache-10g/10.1.2.0.2 (N;ecid=119642322340,0)",2
Ubuntu/maverick UPnP/1.0 MiniUPnPd/1.4,2
cosmos,2
Python/3.10 aiohttp/3.10.8,2
Apache/1.3.27,2
"Mac_OS_X-x86_64-10.5.8, UPnP/1.0, PMS/1.20",2
Apache/2.2.9 (APMServ) mod_ssl/2.2.9 OpenSSL/0.9.8h PHP/5.2.6,1
Werkzeug/3.0.4 Python/3.12.0,1
lighttpd/1.4.63,1
Werkzeug/3.0.0 Python/3.10.12,1
SimpleHTTP/0.6 Python/3.12.4,1
SimpleHTTP/0.6 Python/3.10.9,1
nginx/1.6.3,1
Apache/2.4.46 (IUS) OpenSSL/1.0.2k-fips PHP/7.4.21,1
Zen,1
Payara Server  5.2022.1 #badassfish,1
fbserver/1.1,1
Apache/2.4.6 (CentOS) OpenSSL/1.0.2k-fips PHP/5.6.37,1
vpshz.com,1
Guten Morgen,1
webkaos,1
Oracle API Gateway,1
BOOMSIG. Unsucking Email Signatures.,1
guayaba,1
nginx/1.11.10,1
hide,1
Apache/2.4.54 (Win64) OpenSSL/1.1.1q mod_fcgid/2.3.10-dev,1
nginx-n.wtf/1.27.3,1
synflux,1
bart,1
Apache/2.4.62 (Red Hat Enterprise Linux) OpenSSL/3.2.2 mod_wsgi/4.7.1 Python/3.9,1
LLM/Server,1
ycalb,1
HaksulProxy,1
nginx/1.11.2,1
Dory,1
Follow the white rabbit.,1
nginx/1.18.0 + Phusion Passenger(R) 6.0.22,1
Apache/2.4.43 (Win64) OpenSSL/1.1.1g PHP/7.4.4,1
WSGIServer/0.2 CPython/3.10.9,1
WSGIServer/0.2 CPython/3.10.14,1
Werkzeug/3.0.1 Python/3.12.3,1
WSGIServer/0.2 CPython/3.12.8,1
Love you 3000 times!,1
Werkzeug/3.0.3 Python/3.11.9,1
WSGIServer/0.2 CPython/3.10.15,1
WSGIServer/0.2 CPython/3.8.20,1
SimpleHTTP/0.6 Python/3.12.9,1
Apache/2.4.48 (Debian),1
Python/3.9 aiohttp/3.11.0,1
Python/3.11 aiohttp/3.11.6,1
Python/3.9 aiohttp/3.10.1,1
Framer/0d3b645,1
Apache/2.4.62 (Rocky Linux) OpenSSL/3.2.2,1
DCSaaS/httpd,1
Apache/2.2.25 (Unix) mod_ssl/2.2.25 OpenSSL/1.0.0-fips mod_bwlimited/1.4,1
Serverco_ST,1
Apache/2.4.55 (Ubuntu),1
Apache/2.4.37 (centos) OpenSSL/1.1.1k mod_auth_gssapi/1.6.1 mod_fcgid/2.3.9 SVN/1.10.2,1
Apache/2.4.37 (Unix) OpenSSL/1.1.1k PHP/7.2.8,1
Stargate,1
Mbedthis-Appweb/2,1
freenginx/1.25.4,1
Werkzeug/3.0.4 Python/3.12.3,1
Werkzeug/3.0.1 Python/3.10.2,1
Werkzeug/3.0.1 Python/3.9.21,1
Apache/2.4.59 (),1
Apache/2.2.19 (Win32) PHP/5.2.17,1
Apache/2.4.62 () OpenSSL/1.0.2k-fips,1
Apache/2.4.58 (CentOS),1
Mastodon,1
Werkzeug/2.0.3 Python/3.8.19,1
Securelink,1
nginx/1.18.0 + Phusion Passenger(R) 6.0.26,1
Jans Server,1
IIS10,1
Python/3.10 aiohttp/3.11.6,1
APISIX/3.11.0,1
Framer/32b700c,1
Framer/3281da1,1
APISIX/3.8.0,1
APISIX/2.13.3,1
api-gateway,1
Fly/bd282bf60 (2024-12-04),1
Clace,1
mw-web.eqiad.main-555876f75f-krmmd,1
mw-web.eqiad.main-bdfc96b6b-hphjt,1
nginx/1.18.0 + Phusion Passenger(R) 6.0.24,1
Apache/2.4.41 (FreeBSD) OpenSSL/1.0.1s-freebsd,1
pages-server,1
Chimpify,1
luna-http/s,1
OMCnet Webserver,1
Python/3.11 aiohttp/3.10.0,1
Python/3.11 aiohttp/3.10.0b1,1
Python/3.12 aiohttp/3.10.4,1
Python/3.10 aiohttp/3.10.4,1
Web-Server-2020,1
gogogadgeto-server,1
Server-Team Business Pro Webserver V1.1,1
nginx/1.14.0 + Phusion Passenger(R) 6.0.18,1
Surge,1
Apache/2.4.53 (Debian),1
Apache/2.4.48 (FreeBSD) OpenSSL/1.0.2u mod_fcgid/2.3.9,1
Apache/2.4.43 (Ubuntu),1
Apache/2.4.54 (FreeBSD) OpenSSL/1.0.2u mod_fcgid/2.3.9,1
CodebergPages/4.6.2,1
Apache/2.4.6 (CentOS) OpenSSL/1.0.2k-fips mod_wsgi/3.4 Python/2.7.5 PHP/8.2.20,1
Apache/2.4.7 (CentOS),1
awex,1
Apache/2.4.6 (CentOS) OpenSSL/1.0.2k-fips PHP/7.2.34 mod_perl/2.0.11 Perl/v5.16.3,1
Apache/2.4.46 () OpenSSL/1.0.2k-fips,1
Apache/2.4.37,1
nginx/1.12.1 + Phusion Passenger 5.1.8,1
Sun-ONE-Web-Server/6.1,1
maglr,1
Apache/2.4.58 (Unix) OpenSSL/1.1.1p PHP/8.1.24,1
WowzaStreamingEngine/4.7.1,1
api-gateway/1.9.3.1,1
Apache/2.4.27 (Amazon) OpenSSL/1.0.2k-fips PHP/5.6.25,1
Apache/2.4.38 (Ubuntu),1
nginx/1.15.0,1
WowzaStreamingEngine/4.7.8,1
Python/3.9 aiohttp/3.11.13,1
Python/3.12 aiohttp/3.10.8,1
Python/3.9 aiohttp/3.11.12,1
Python/3.8 aiohttp/3.10.11,1
mw1452.eqiad.wmnet,1
mw1488.eqiad.wmnet,1
mw1372.eqiad.wmnet,1
mw1454.eqiad.wmnet,1
Apache/2.4.59 (Unix),1
Apache/2.4.54 (Debian) OpenSSL/1.1.1n,1
Python/3.12 aiohttp/3.11.4,1
Python/3.9 aiohttp/3.11.10,1
Apache/2.4.62 (Debian) SVN/1.14.2 mpm-itk/2.4.7-04 OpenSSL/3.0.15,1
nginx/1.14.0 + Phusion Passenger 6.0.4,1
Svr/8.8008 (OS),1
WebRock,1
FLUX/1.21,1
Apache/2.4.62 (Debian) mod_fcgid/2.3.9 PHP/5.6.40-0+deb8u12 OpenSSL/1.1.1w,1
Apache/2.4.6 () OpenSSL/1.0.2k-fips mod_fcgid/2.3.9 Phusion_Passenger/5.3.7,1
Apache/2.4.57 (Win64) OpenSSL/3.1.2,1
Apache/2.0.54 (Debian GNU/Linux) PHP/4.3.10-22 mod_ssl/2.0.54 OpenSSL/0.9.7k,1
empx,1
BitNinja-Waf3,1
Apache/2.4.25 (Debian) OpenSSL/1.0.2u,1
httpfile,1
CDN77-Turbo,1
Keistoer ~ Digitale innovatie,1
huddle,1
Apache/2.4.6 (CentOS) OpenSSL/1.0.1e-fips PHP/5.6.33,1
Apache/2.2.15,1
Apache/2.4.54 (Unix) OpenSSL/1.0.2k-fips,1
Apache/2.4.18 (FreeBSD) OpenSSL/1.0.1p-freebsd,1
Apache/2.2.13 (FreeBSD) mod_ssl/2.2.13 OpenSSL/0.9.8q DAV/2 PHP/5.2.11 with Suhosin-Patch,1
Apache/2.4.54 (FreeBSD) OpenSSL/1.1.1l-freebsd,1
cms,1
Apache/2.4.63 (Unix) OpenSSL/3.4.0 PHP/8.2.27,1
Apache/2.4.12 (Win32) OpenSSL/1.0.2k PHP/7.2.5,1
Apache/2.4.55 (Unix),1
Python/3.10 aiohttp/3.11.4,1
Python/3.12 aiohttp/3.10.6,1
Python/3.10 aiohttp/3.9.2,1
Python/3.11 aiohttp/3.9.0b0,1
Apache mod_bwlimited/1.4,1
xxxxxx,1
nginx/1.13.10,1
AppDrag WebFront,1
Apache/2.4.46 (),1
Apache/2.4.62 (Amazon Linux),1
Apache/2.2.8 (Ubuntu) mod_python/3.3.1 Python/2.5.2 PHP/5.2.4-2ubuntu5.7 with Suhosin-Patch mod_ssl/2.2.8 OpenSSL/0.9.8g,1
Apache/2.4.58 () OpenSSL/1.0.2k-fips,1
Python/3.12 aiohttp/3.9.3,1
Apache/2.4.63 (FreeBSD) OpenSSL/1.1.1w-freebsd mpm-itk/2.4.7-04 PHP/7.4.32,1
CentOS WebPanel: Protected by Mod Security,1
Apache/2.4.37 (CentOS Stream) OpenSSL/1.1.1k,1
Apache/2.4.62 (CentOS Stream) OpenSSL/3.2.2 Phusion_Passenger/6.0.23,1
Apache/2.4.58,1
Framer/db5cd3c,1
Apache/2.4.10 (Linux/SUSE),1
Carbase 1.0,1
Apache/2.4.62 (Unix) OpenSSL/3.3.2,1
Fly/ef5cd8bd0 (2024-12-02),1
swas-alb,1
Apache/2.4.62 (AlmaLinux) OpenSSL/3.2.2 mod_fcgid/2.3.9 mod_perl/2.0.12 Perl/v5.32.1,1
Apache/2.4.37 (centos),1
Flywheel/5.1.0,1
frontend-web,1
22Slides V1,1
Apache/2.4.37 (Red Hat Enterprise Linux) OpenSSL/1.1.1k mod_fcgid/2.3.9,1
Winho-CDN,1
dg1loadbalancer/0.14.9,1
Werkzeug/2.0.2 Python/3.10.12,1
nginx + Phusion Passenger(R) 6.0.14,1
neocities,1
staatic,1
Werkzeug/2.0.2 Python/3.10.6,1
lighttpd/1.4.76,1
SimpleHTTP/0.6 Python/3.9.19,1
PHP/5.1.2,1
JC-HTTPD/1,1
isxiaokun,1
ZenZGA/1.13,1
Apache/2.4.23 (Win32) OpenSSL/1.0.2j PHP/5.4.45,1
Apache/2.2.3 (CentOS),1
Python/3.9 aiohttp/3.10.10,1
IIS/8.0,1
BunnyCDN-JP1-1061,1
BunnyCDN-JP1-1172,1
Apache/2.4.38 (Win64) OpenSSL/1.0.2r,1
Apache/2.4.62 (CentOS Stream),1
BunnyCDN-LA1-900,1
Roku UPnP/1.0 Roku/8.1.6,1
homedoor,1
HP Apache-based Web Server/1.3.26 (Unix),1
"Windows_7-x86-6.1, UPnP/1.0, PMS/1.60.0",1
RealVNC/4.0,1
WowzaStreamingEngine/4.8.0,1
BunnyCDN-SIL1-915,1
Leadpages,1
LabVIEW/5.1.1,1
RT-G32 UPnP/1.0 MiniUPnPd/1.2,1
Framer/7b95bc3,1
Spanner,1
Apache/2.4.48 (Unix) OpenSSL/1.1.1k,1
NGINX,1
PythonAnywhere,1
Jetty(10.0.17),1
IdeaWebServer/v0.70,1
"UPnP/1.0, DLNADOC/1.50, Platinum/0.5.3.0",1
"HP HTTP Server; HP Officejet 6500 E709n - CB057A; Serial Number: abc123; Rainbow Built:Sat Dec 13, 2008 10:58:21AM {abc123, ASIC id 0x00ffc2105}",1
"6.0.6000 2/, UPnP/1.0, TVersity Media Server",1
ListManagerWeb/8.8a (based on Tcl-Webserver/3.4.2),1
HP-ChaiSOE/1.0,1
Jetty/4.0.1 (SunOS 5.8 sparc),1
Apache/1.3.28 (Unix),1
cisco-CPA,1
Folkweb,1
Resin/2.1.13,1
Ipswitch-IMail/5.08,1
Fedora/10 UPnP/1.0 MiniUPnPd/1.4,1
boa,1
lighttpd/1.4.16,1
Fly/2b0af88a0 (2024-06-05),1
Fly/f978bf6ba (2025-03-26),1
Oracle HTTP Server Powered by Apache,1
OpenWRT/kamikaze UPnP/1.0 MiniUPnPd/1.4,1
Ubuntu/trusty UPnP/1.0 MiniUPnPd/1.4,1
boulevard,1
Ubuntu/10.10 UPnP/1.0 miniupnpd/1.0,1
Abyss/1.0.3,1
"Simple, Secure Web Server 1.1",1
"Linux/2.6.12.6-VENUS, UPnP/1.0, Portable SDK for UPnP devices/1.6.10",1
camera,1
Python/3.10 aiohttp/3.11.14,1
Apache Coyote/1.0,1
SentinelProtectionServer/7,1
Linux UPnP/1.0 Sonos/31.3-22220 (ANVIL),1
HP Web Jetadmin/2 (Win32) mod_auth_sspi/1.0.1 mod_ssl/2.0.50 OpenSSL/0.9.6m,1
WMServer/9.1.1.3841,1
ipos/7.0 UPnP/1.0 TL-WR741N/4.0,1
Apache-AdvancedExtranetServer/2.0.53 (Mandrakelinux/PREFORK-9mdk) mod_ssl/2.0.53 OpenSSL/0.9.7e PHP/4.3.10 mod_perl/1.999.21 Perl/v5.8.6,1
Jaguar Server,1
Apache-AdvancedExtranetServer/2.0.44 (Mandrake Linux/11mdk) mod_perl/1.99_08 Perl/v5.8.0 mod_ssl/2.0.44 OpenSSL/0.9.7a PHP/4.3.1 mod_jk2/2.0.0,1
Lotus Expeditor Web Container/6.1,1
Ews/0,1
ipos/7.0 UPnP/1.0 TL-WR740N/1.0,1
Synology/DSM/stuff,1
Tomcat Web Server/3.2.2 (JSP 1.1; Servlet 2.2; Java 1.4.2_13; Windows 2003 5.2 x86; java.vendor=Sun Microsystems Inc.),1
"HP HTTP Server; HP Photosmart C309a series - CC335A; Serial Number: abc123; Vader Built:Wed Apr 15, 2009 11:40:58AM {abc123, ASIC id 0x00280004}",1
Odoo.sh,1
serverseven,1
Fly/0b7c1653 (2025-03-18),1
Werkzeug/2.0.3 Python/3.9.18,1
Fly/fe78b1aa (2025-03-20),1
"6.2.9200 2/, UPnP/1.0, TVersity Media Server",1
Servlet 2.4; JBoss-4.2.3.GA (build: SVNTag=JBoss_4_2_3_GA date=200807181439)/JBossWeb-2.0,1
Fly/2f1f47dc7 (2025-04-02),1
IBM_HTTP_Server/6.0.2.19 Apache/2.0.47 (Unix),1
Loxone Miniserver some name UPnP/1.0,1
Apache/1.3.28 (Unix) mod_auth_pam/1.1.1,1
"UPnP/1.0, DLNADOC/1.50, Platinum/0.5.4.0",1
nginx/1.15.10,1
Boa/0.93.15 (with Intersil Extensions),1
"Windows_7-x86-6.1, UPnP/1.0, PMS/1.20.409",1
Apache/2.2.3 (Red Hat),1
Oracle XML DB/Oracle9i Enterprise Edition Release 9 - Production,1
Virata-EmWeb/R5_3_2,1
"Windows_7-x86-6.1, UPnP/1.0, PMS/1.52.1",1
"Windows_7-x86-6.1, UPnP/1.0, PMS/1.30.1",1
Oracle_Web_Listener,1
"Linux/2.6.10_dev-malta-mips2_fp_le, UPnP/1.0, Intel SDK for UPnP devices /1.2",1
TBS/R2 UPnP/1.0 MiniUPnPd/1.2,1
Ews/0.1,1
tivo-httpd-1:20.7.4.RC35-D18-6:D18,1
Unknown/0.0 UPnP/1.0 GlobespanVirata-EmWeb/R6_1_0,1
awhttpd,1
Mongrel 1,1
Tomcat Web Server/3.3.1 Final ( JSP 1.1; Servlet 2.2 ),1
Jetty(1.4.5),1
Werkzeug/3.1.3 Python/3.12.3,1
Payara Server  5.2020.4 #badassfish,1
FW,1
nginx/0.8.53,1
NetApp/7.2.1.1,1
HP Web Jetadmin/2.0.50 (Win32) mod_auth_sspi/1.0.1 mod_ssl/2.0.50 OpenSSL/0.9.6m,1
Ubuntu/lucid UPnP/1.0 MiniUPnPd/1.4,1
Squid,1
Apache/1.1.3,1
nsl,1
"Oracle-Application-Server-10g/10.1.2.2.0 Oracle-HTTP-Server (Unix) mod_plsql/10.1.2.2.0 mod_ossl/10.1.2.0.0 mod_perl/1.29 OracleAS-Web-Cache-10g/10.1.2.0.2 (N;ecid=89116016562,0)",1
ipos/7.0 UPnP/1.0 TL-WR940N/1.0,1
AmazonSnowball,1
JBoss-EAP/7,1
Mini Dome IP Camera,1
Werkzeug/3.1.3 Python/3.9.21,1
nginx/1.21.1.1 WhiteHorse,1
Apache/2.4.57 (CentOS Stream),1
Apache/2.4.43 (cPanel),1
*****,1
BLB,1
OpenWRT/kamikaze UPnP/1.0 MiniUPnPd/1.5,1
Apache-AdvancedExtranetServer/2.0.47 (Mandrake Linux/6.12.92mdk) mod_perl/1.99_09 Perl/v5.8.1 mod_ssl/2.0.47 OpenSSL/0.9.7b PHP/4.3.2,1
Ubuntu/oneiric UPnP/1.0 MiniUPnPd/1.4,1
"Windows_7-x86-6.1, UPnP/1.0, PMS/1.54.0",1
SimpleHTTP/0.6 Python/2.7.6,1
Ubuntu/hardy UPnP/1.0 MiniUPnPd/1.4,1
Linux/3.0.8 UPnP/1.0 DLNADOC/1.50 Portable SDK for UPnP devices/1.6.6,1
Lotus-Domino/Release-4.6.7(Intl),1
Ipswitch-IMail/7.11,1
HttpFileServer httpd,1
GFE/1.3,1
Fedora/8 UPnP/1.0 miniupnpd/1.0,1
"Windows_7-x86-6.1, UPnP/1.0, PMS/1.51.0",1
Cherokee/0.2.7,1
cern,1
Ubuntu/jaunty UPnP/1.0 MiniUPnPd/1.4,1
cisco ios,1
"Windows_7-x86-6.1, UPnP/1.0, PMS/1.20.412",1
Tomato UPnP/1.0 MiniUPnPd/1.4,1
HP-Web-Server,1
ServiceNow,1
FUHO-DVR,1
Ubuntu/raring UPnP/1.0 MiniUPnPd/1.4,1
Apache/1.3.28 (SolutionIP) mod_perl/1.28 mod_ssl/2.8.15 OpenSSL/0.9.7b,1
"UPnP/1.0, DLNADOC/1.50, Platinum/0.6.6.0",1
some thing UPnP/1.0 AVM FRITZ!WLAN Repeater 1750E 134.07.01,1
BBC 11.13.007; ovbbccb unknown version,1
Apache/2.4.51 (Unix) OpenSSL/1.1.1n SVN/1.14.1 Phusion_Passenger/6.0.12 mod_perl/2.0.11 Perl/v5.28.1,1
Apache/2.4.63 (Debian),1
Avocent DSView 3/3.7.0.71,1
Allegro-Software-RomPager/4.01,1
Servlet 2.5; JBoss-5.0/JBossWeb-2.1,1
GlassFish,1
Apache-AdvancedExtranetServer/2.0.47 (Mandrake Linux/6.3.92mdk) mod_ssl/2.0.47 OpenSSL/0.9.7b PHP/4.3.2,1
apache-ssl-us,1
Werkzeug/2.0.3 Python/3.8.10,1
Citrix Hypervisor,1
"Linux/2.6.32-279.11.1.el6.x86_64, UPnP/1.0, Portable SDK for UPnP devices/1.6.14",1
Microsoft-PWS-95/4.0,1
TornadoServer/4.5,1
Resin/3.0.23,1
Ubuntu/quantal UPnP/1.0 MiniUPnPd/1.4,1
Apache/2.4.62 (Win64),1
Apache/2.4.59 (Unix) OpenSSL/3.0.11,1
LocalCan,1
Apache/2.4.62 (Red Hat Enterprise Linux),1
Werkzeug/3.1.3 Python/3.10.12,1
Werkzeug/3.0.3 Python/3.8.16,1
Oracle-Application-Server-10g/10.1.2.0.2 Oracle-HTTP-Server,1
sambar/5.1,1
Lotus-Domino/0,1
sudun,1
SYSCODE Taiwan,1
layun.com,1
***,1
MGX,1
off,1
CLOUD ELB 1.0.0,1
webserver/1.21.3,1
nginx/1.17.2,1
OBS,1
nginx/1.9.5,1
ITOC-Web,1
Fly/7328d5b5 (2023-10-27),1
Fly/4763e9f4 (2024-04-02),1
Fly/88eb44535 (2024-07-18),1
APISIX/3.9.0,1
Apache/2.4.62 (Fedora Linux),1
W_neutron,1
"Windows_XP-x86-5.1, UPnP/1.0, PMS/1.20.400",1
Oracle Applications One-Hour Install,1
NetWare,1
4D_WebSTAR_S/5.0,1
Cleo VLTrader/5.7.0.7 (Linux),1
roxen,1
Redacted,1
IServ,1
gruber-frankfurt.de,1
snow,1
Casket,1
BunnyCDN-JP1-1097,1
BunnyCDN-DE1-863,1
superman/1.0.0,1
"Linux/2.6.18_pro500-davinci_N03A_IPCAM_1.0-g5c649288-dirty, UPnP/1.0, Portable SDK for UPnP devices/1.6.6",1
Golang.Server,1
SimpleHTTP/0.6 Python/3.8.10,1
Filebase,1
Apache/2.4.61 (Amazon Linux) mod_wsgi/4.9.4 Python/3.9 OpenSSL/3.0.8,1
Apache/2.4.38 (Raspbian),1
AI FTMFW,1
specter,1
Unit/1.32.1,1
ns-1,1
Fly/1ab217aa (2025-02-07),1
Fly/12401d8b4 (2025-02-12),1
LC-S,1
Fly/d2053282d (2025-03-10),1
BunnyCDN-LA1-852,1
BunnyCDN-LA1-954,1
Python/3.10 aiohttp/3.11.7,1
Python/3.9 aiohttp/3.10.11,1
Framer/2514569,1
SimpleHTTP/0.6 Python/3.9.18,1
Werkzeug/3.0.4 Python/3.8.20,1
SimpleHTTP/0.6 Python/3.8.18,1
DLB,1
anvil,1
Framer/af804ed,1
Apache/2.4.6 (CentOS) OpenSSL/1.0.2k-fips PHP/7.2.34,1
Framer/e1f1b96,1
Wayneserver (Linux/CentOS),1
Fly/bc77ddfa7 (2024-11-15),1
One degree CDN,1
undefined,1
ngAInx,1
